Summary,Issue key,Issue id,Issue Type,Status,Project key,Project name,Project type,Project lead,Project lead id,Project description,Priority,Resolution,Assignee,Assignee Id,Reporter,Reporter Id,Creator,Creator Id,Created,Updated,Last Viewed,Resolved,Affects versions,Fix versions,Components,Due date,Votes,Labels,Labels,Description,Environment,Watchers,Watchers,Watchers,Watchers,Watchers,Watchers Id,Watchers Id,Watchers Id,Watchers Id,Watchers Id,Original estimate,Remaining Estimate,Time Spent,Work Ratio,Σ Original Estimate,Σ Remaining Estimate,Σ Time Spent,Security Level,Outward issue link (Blocks),Outward issue link (Polaris work item link),Inward issue link (Relates),Inward issue link (Relates),Inward issue link (Relates),Inward issue link (Relates),Outward issue link (Relates),Outward issue link (Relates),Outward issue link (Relates),Outward issue link (Relates),Attachment,Attachment,Attachment,Attachment,Attachment,Attachment,Attachment,Attachment,Attachment,Attachment,Attachment,Attachment,Attachment,Attachment,Attachment,Attachment,Attachment,Attachment,Attachment,Attachment,Attachment,Attachment,Attachment,Attachment,Attachment,Attachment,Attachment,Attachment,Attachment,Attachment,Attachment,Attachment,Attachment,Attachment,Attachment,Attachment,Custom field (1QA),Custom field (2nd QA ),Custom field (ATC),Custom field (Account Manager ),Custom field (Actual end),Custom field (Actual start),Custom field (Affected services),Custom field (Anticipated Status Transition Date),Custom field (Approvals),Custom field (Association Count),Custom field (Associations),Custom field (Atlassian project),Custom field (Atlassian project status),Custom field (Automation Status),Custom field (Build Number),Custom field (Business Value),Custom field (Category),Custom field (Change reason),Custom field (Change risk),Custom field (Change type),Custom field (Code Reviewer),Custom field (Comments),Custom field (Cycle),Custom field (Defect Environment),Custom field (Delivery progress),Custom field (Delivery status),Custom field (Development),Custom field (Entered By),Custom field (Epic Color),Custom field (Epic Name),Custom field (Epic Status),Custom field (Estimation),Custom field (Focus Areas),Custom field (Goals),Custom field (Idea archived),Custom field (Idea archived on),Custom field (Impact),Custom field (Insights),Custom field (Issue color),Custom field (Jira Assignee Salesforce),Custom field (Linked items),Custom field (Locked forms),Custom field (Managed Account),Custom field (Module Name),Custom field (Open forms),Custom field (Project overview key),Custom field (Project overview status),Custom field (Projected Beta End Date),Custom field (Projected Beta Start Date),Custom field (QA Automation),Custom field (QA Engineer),Custom field (QA Person),Custom field (QAE),Custom field (QB),Custom field (Rank),Custom field (Reopen Count),Custom field (Request Type),Custom field (Request language),Custom field (Request participants),Custom field (Requesting Client),Custom field (Requesting Client),Custom field (SQL change),Satisfaction rating,Custom field (Satisfaction date),Custom field (Sentiment),Custom field (Severity),Sprint,Sprint,Sprint,Sprint,Sprint,Sprint,Sprint,Sprint,Sprint,Sprint,Sprint,Sprint,Custom field (Start date),Custom field (Status Change Start Date),Custom field (Story Points),Custom field (Story Points),Custom field (Story point estimate),Custom field (Submitted forms),Custom field (TR),Custom field (TTC),Custom field (Target end),Custom field (Target start),Custom field (Team),Custom field (TechOps Product Aprroval Status),Custom field (Test Case Version),Custom field (Total forms),Custom field (Utility),Custom field (Vulnerability),Custom field (Work Priority),Custom field (Work Stream),Custom field (Zoho Desk Ticket),Custom field ([CHART] Date of First Response),Custom field ([CHART] Time in Status),Comment,Comment,Comment,Comment,Comment,Comment,Comment,Comment,Comment,Comment,Comment,Parent,Parent key,Parent summary,Status Category,Status Category Changed
Observations on Enabling product restrictions on new Product Restrictions Page,TRX-11629,136900,Bug,Dev In Progress,TRX,PrimeRx MARKET,software,Jeff Davis,712020:d5794e34-9434-4617-80c7-3bdd8d1daf78,,Medium,,Prasad Kanneti,712020:53d44bee-0a51-4c24-9855-77757f09232f,Nagarjuna Reddy,712020:3db4fd6d-5393-4a21-a78d-2d8272476330,Nagarjuna Reddy,712020:3db4fd6d-5393-4a21-a78d-2d8272476330,23/Apr/26 12:30 AM,04/May/26 7:14 AM,05/May/26 10:31 AM,,,MKT-3.4.3,PrimeRx Market Website,,0,,,"Issue:  Observations made as part of pretest “Enabling product restrictions on the new Product Restrictions Page”.

Environment: QA32025

Branch: TRX-10845-D



Observations: 

# Allowed duplicates NDC, Products names with same date, states for the same supplier. {color:#bf2600}There shouldn’t be duplicates if all info matches{color}
# If the State check box is unchecked while ""Edit"", it is treated as All states.



Observation 2 explanation: 

If the Admin user added NDC ([+43547038450+|https://qa32025.trxadedev.com/market/search?searchTerm=43547038450&catCode=All&NDCSpecific=true]) to the  “Source Catalog Product Restrictions“ like below

!image-20260421-140856.png|width=924,alt=""image-20260421-140856.png""!

After adding the NDC, 

if Admin user click Edit  for the Product and uncheck the state check box

!image-20260421-141101.png|width=924,alt=""image-20260421-141101.png""!

Click on “Save“

Then the restriction applies to All the states.

!image-20260421-141201.png|width=924,alt=""image-20260421-141201.png""!",,Kelsey Wesley,Nagarjuna Reddy,,,,712020:b9fe53c8-6f3f-4a69-894e-40bc65cb89a5,712020:3db4fd6d-5393-4a21-a78d-2d8272476330,,,,,,,,,,,,,,TRX-10845,,,,,,,,23/Apr/26 12:35 AM;712020:3db4fd6d-5393-4a21-a78d-2d8272476330;image-20260421-140856.png;https://mmsrx.atlassian.net/rest/api/3/attachment/content/152097,23/Apr/26 12:35 AM;712020:3db4fd6d-5393-4a21-a78d-2d8272476330;image-20260421-141101.png;https://mmsrx.atlassian.net/rest/api/3/attachment/content/152098,23/Apr/26 12:35 AM;712020:3db4fd6d-5393-4a21-a78d-2d8272476330;image-20260421-141201.png;https://mmsrx.atlassian.net/rest/api/3/attachment/content/152099,,,,,,,,,,,,,,,,,,,,,,,,,,,,,,,,,,,,,,,,,,com.atlassian.servicedesk.plugins.approvals.internal.customfield.ApprovalsCFValue@42b44d25,,,,,,,,,,,,,,1,,,,"{repository={count=3, dataType=repository}, json={""cachedValue"":{""errors"":[],""summary"":{""repository"":{""overall"":{""count"":3,""lastUpdated"":""2026-05-05T03:27:02.000-0400"",""dataType"":""repository""},""byInstanceType"":{""GitHub"":{""count"":3,""name"":""GitHub""}}}}},""isStale"":true}}",,,,,,,,,,,,,,,,,,,,,,,,,,,,2|i046p3:,0.0,,,,,,Enter any SQL related to this task here.,,,,,TRX Sprint 227,TRX Sprint 228,,,,,,,,,,,,,3.0,,,,,,,,,,,,,,,,,2026-04-29 07:54:32.234,,"29/Apr/26 3:54 AM;712020:b9fe53c8-6f3f-4a69-894e-40bc65cb89a5;I think based on what you have there, this should be fine",,,,,,,,,,,,,,In Progress,24/Apr/26 4:23 AM
Automation task-Regression task,TRX-11600,133680,Automation,Business Acceptance,TRX,PrimeRx MARKET,software,Jeff Davis,712020:d5794e34-9434-4617-80c7-3bdd8d1daf78,,Medium,,Ramalakshmi V,712020:87914119-26d2-4a2c-be97-8681c0cefa89,Ramalakshmi V,712020:87914119-26d2-4a2c-be97-8681c0cefa89,Ramalakshmi V,712020:87914119-26d2-4a2c-be97-8681c0cefa89,08/Apr/26 8:35 AM,29/Apr/26 9:32 AM,,,,,PrimeRx Market Website,,0,,,"| |
| |
|CSQuestionnaire|
| |",,Ramalakshmi V,,,,,712020:87914119-26d2-4a2c-be97-8681c0cefa89,,,,,,,,,,,,,,,,,,,,,,,27/Apr/26 8:48 AM;712020:87914119-26d2-4a2c-be97-8681c0cefa89;PrimeRx Automation Reports (b21824f7-c1c4-4ce0-b14f-ff098e1a5388).html;https://mmsrx.atlassian.net/rest/api/3/attachment/content/152886,22/Apr/26 1:55 PM;712020:87914119-26d2-4a2c-be97-8681c0cefa89;PrimeRx Automation Reports.html;https://mmsrx.atlassian.net/rest/api/3/attachment/content/151985,,,,,,,,,,,,,,,,,,,,,,,,,,,,,,,,,,,,,,,,,,,com.atlassian.servicedesk.plugins.approvals.internal.customfield.ApprovalsCFValue@59a28a75,,,,,,,,,,,,,,1,,,,"{pullrequest={dataType=pullrequest, state=MERGED, stateCount=1}, json={""cachedValue"":{""errors"":[],""summary"":{""pullrequest"":{""overall"":{""count"":1,""lastUpdated"":""2026-04-27T06:33:19.000-0400"",""stateCount"":1,""state"":""MERGED"",""dataType"":""pullrequest"",""open"":false},""byInstanceType"":{""GitHub"":{""count"":1,""name"":""GitHub""}}}}},""isStale"":true}}",,,,,,,,,,,,,,,,,,,,,,,,,,,,2|i041lr:,0.0,,,,,,Enter any SQL related to this task here.,,,,,TRX Sprint 227,,,,,,,,,,,,,,3.0,,,,,,,,,,,,,,,,,,,"22/Apr/26 1:55 PM;712020:87914119-26d2-4a2c-be97-8681c0cefa89;[^PrimeRx Automation Reports.html]

pretest reports","27/Apr/26 8:48 AM;712020:87914119-26d2-4a2c-be97-8681c0cefa89;Verify test reports:

[^PrimeRx Automation Reports (b21824f7-c1c4-4ce0-b14f-ff098e1a5388).html]

staging",,,,,,,,,,71805,TRX-6930,Testing Automation,Done,27/Apr/26 8:48 AM
Automation task-Add Seller Account Suspended reasons to choose from - Store in Admin,TRX-11598,133676,Automation,Business Acceptance,TRX,PrimeRx MARKET,software,Jeff Davis,712020:d5794e34-9434-4617-80c7-3bdd8d1daf78,,Medium,,Ramalakshmi V,712020:87914119-26d2-4a2c-be97-8681c0cefa89,Ramalakshmi V,712020:87914119-26d2-4a2c-be97-8681c0cefa89,Ramalakshmi V,712020:87914119-26d2-4a2c-be97-8681c0cefa89,08/Apr/26 8:31 AM,16/Apr/26 8:52 AM,,,,,PrimeRx Market Website,,0,,,"As an Administrator, I should be able to choose one of many seller account suspension reasons when an account is Suspended in Admin so we can run reporting off of the data.

UAC:

# Add Suspension Reasons a drop down list when Suspend in clicked on in Users Management for a Wholesaler/Manufacturer
## AR Issue
## Low Sales
## Violated Sites T&C
### If chosen, open Text box to enter how they Violated T & C
## Low Supplier Ratings
## Poor Customer Service
## Wholesaler Request
## Wholesaler Closed Permanently
## Suspicious Activity
## Other (Text Box)
# Store reason selected in database
# Store text entered in Text Box if applicable",,Ramalakshmi V,,,,,712020:87914119-26d2-4a2c-be97-8681c0cefa89,,,,,,,,,,,,,,,TRX-11604,TRX-11030,,,,,,,14/Apr/26 8:04 AM;712020:87914119-26d2-4a2c-be97-8681c0cefa89;Pretest(TRX-11598).html;https://mmsrx.atlassian.net/rest/api/3/attachment/content/150127,11/Apr/26 2:04 AM;712020:87914119-26d2-4a2c-be97-8681c0cefa89;TRX-11598(Pretest).html;https://mmsrx.atlassian.net/rest/api/3/attachment/content/149747,15/Apr/26 10:34 AM;712020:87914119-26d2-4a2c-be97-8681c0cefa89;emailable-report.html;https://mmsrx.atlassian.net/rest/api/3/attachment/content/150484,,,,,,,,,,,,,,,,,,,,,,,,,,,,,,,,,,,,,,,,,,com.atlassian.servicedesk.plugins.approvals.internal.customfield.ApprovalsCFValue@2777e128,,,,,,,,,,,,,,1,,,,"{pullrequest={dataType=pullrequest, state=MERGED, stateCount=1}, json={""cachedValue"":{""errors"":[],""summary"":{""pullrequest"":{""overall"":{""count"":1,""lastUpdated"":""2026-04-15T09:11:13.000-0400"",""stateCount"":1,""state"":""MERGED"",""dataType"":""pullrequest"",""open"":false},""byInstanceType"":{""GitHub"":{""count"":1,""name"":""GitHub""}}}}},""isStale"":true}}",,,,,,,,,,,,,,,,,,,,,,,,,,,,2|i041lb:,0.0,,,,,,Enter any SQL related to this task here.,,,,,TRX Sprint 227,,,,,,,,,,,,,,3.0,,,,,,,,,,,,,,,,,,,"11/Apr/26 2:04 AM;712020:87914119-26d2-4a2c-be97-8681c0cefa89;Pretest done qa1

Branch development

[^TRX-11598(Pretest).html]

","14/Apr/26 8:04 AM;712020:87914119-26d2-4a2c-be97-8681c0cefa89;Pretest:qa1 development branch

[^Pretest(TRX-11598).html]

","15/Apr/26 10:34 AM;712020:87914119-26d2-4a2c-be97-8681c0cefa89;verify test:Passed

branch:qa1

[^emailable-report.html]

",,,,,,,,,71805,TRX-6930,Testing Automation,Done,15/Apr/26 10:33 AM
Automation task-Changes to Auto-Reshop page,TRX-11597,133674,Automation,Business Acceptance,TRX,PrimeRx MARKET,software,Jeff Davis,712020:d5794e34-9434-4617-80c7-3bdd8d1daf78,,Medium,,Ramalakshmi V,712020:87914119-26d2-4a2c-be97-8681c0cefa89,Ramalakshmi V,712020:87914119-26d2-4a2c-be97-8681c0cefa89,Ramalakshmi V,712020:87914119-26d2-4a2c-be97-8681c0cefa89,08/Apr/26 8:27 AM,23/Apr/26 9:09 AM,,,,,PrimeRx Market Website,,0,,,"As a Buyer, I would like to have a clearer understanding of what’s displayed on this page and also only see Suppliers I can buy from now.

UAC

# Add text above Auto-Reshop Results
## *Below are any items Unaccepted in the last 7 days that we were able to Auto-Reshop for you. Displayed is the Supplier with the lowest price available for you to purchase with today. Just enter the Qty and click ADD to add the item to your cart. If you would like to shop the same NDC across all Suppliers, simply click on the  NDC below the product name to do an NDC specific search.*
# Results on Auto Reshop page should only include Suppliers that have the Qty box enabled (not in Apply now)
# Make the NDC a clickable link that does an NDC specific search if clicked
# Track if item purchased came from clicking the link clicked on Auto Reshop page
## If buy from same supplier listed on Auto Reshop, consider Auto Reshop Qty box as source
## If buy from other supplier consider NDC link on Auto Reshop as source

 

Example UI

!image-20260224-185142.png|width=1032,alt=""image-20260224-185142.png""!",,Radhika Kopparapu,Ramalakshmi V,,,,712020:6179edff-4ad9-4d94-bb3d-97dc682dfe18,712020:87914119-26d2-4a2c-be97-8681c0cefa89,,,,,,,,,,,,,,TRX-11615,,,,,,,,15/Apr/26 8:01 PM;712020:87914119-26d2-4a2c-be97-8681c0cefa89;image-20260224-185142.png;https://mmsrx.atlassian.net/rest/api/3/attachment/content/150685,,,,,,,,,,,,,,,,,,,,,,,,,,,,,,,,,,,,,,,,,,,,com.atlassian.servicedesk.plugins.approvals.internal.customfield.ApprovalsCFValue@83535ef,,,,,,,,,,,,,,1,,,,"{pullrequest={dataType=pullrequest, state=MERGED, stateCount=1}, json={""cachedValue"":{""errors"":[],""summary"":{""pullrequest"":{""overall"":{""count"":1,""lastUpdated"":""2026-04-22T05:57:56.000-0400"",""stateCount"":1,""state"":""MERGED"",""dataType"":""pullrequest"",""open"":false},""byInstanceType"":{""GitHub"":{""count"":1,""name"":""GitHub""}}}}},""isStale"":true}}",,,,,,,,,,,,,,,,,,,,,,,,,,,,2|i041l3:,0.0,,,,,,Enter any SQL related to this task here.,,,,,TRX Sprint 227,,,,,,,,,,,,,,3.0,,,,,,,,,,,,,,,,,2026-04-20 06:03:06.008,,20/Apr/26 2:03 AM;712020:6179edff-4ad9-4d94-bb3d-97dc682dfe18;Please  Link main Task here [~accountid:712020:87914119-26d2-4a2c-be97-8681c0cefa89] ,,,,,,,,,,,71805,TRX-6930,Testing Automation,Done,22/Apr/26 2:18 PM
Recording additional information in tab_name in homepage_tabs_click_history table.,TRX-11596,133672,Bug,Done,TRX,PrimeRx MARKET,software,Jeff Davis,712020:d5794e34-9434-4617-80c7-3bdd8d1daf78,,Medium,Fixed,Tamminana Lakshmi,712020:a2d5e83c-fbf4-4fec-8c09-fc8cbe2e0db1,Prasad Nunela,712020:d0e433d0-6ae0-48a4-8dfa-058f141f9d43,Prasad Nunela,712020:d0e433d0-6ae0-48a4-8dfa-058f141f9d43,08/Apr/26 8:16 AM,30/Apr/26 8:44 AM,,29/Apr/26 9:56 AM,,MKT-3.4.3,PrimeRx Market Website,,0,,,"As part of TRX-11313, recording Dashboard clicks information in homepage_tabs_click_history table.  

Steps to Reproduce:

# we are recording additional information in the tab_name like user details.  



*What is happening:*  We are recording additional information in tab_name column.  

*What should happen:*  We should record only dashboard tab name.  

Note:  This issue is not happening every time, it only happens on rare cases.",,Anil Nanepogu,Prasad Nunela,Tamminana Lakshmi,,,712020:5adbcfc1-23d7-4875-957d-56b7cb394290,712020:d0e433d0-6ae0-48a4-8dfa-058f141f9d43,712020:a2d5e83c-fbf4-4fec-8c09-fc8cbe2e0db1,,,,,,,,,,,,,TRX-11313,,,,,,,,29/Apr/26 5:30 AM;712020:5adbcfc1-23d7-4875-957d-56b7cb394290;Screenshot 2026-04-29 141019.png;https://mmsrx.atlassian.net/rest/api/3/attachment/content/153514,29/Apr/26 5:30 AM;712020:5adbcfc1-23d7-4875-957d-56b7cb394290;Screenshot 2026-04-29 141257.png;https://mmsrx.atlassian.net/rest/api/3/attachment/content/153515,29/Apr/26 5:35 AM;712020:5adbcfc1-23d7-4875-957d-56b7cb394290;Screenshot 2026-04-29 141353-20260429-084354.png;https://mmsrx.atlassian.net/rest/api/3/attachment/content/153516,29/Apr/26 5:35 AM;712020:5adbcfc1-23d7-4875-957d-56b7cb394290;Screenshot 2026-04-29 141416-20260429-084417.png;https://mmsrx.atlassian.net/rest/api/3/attachment/content/153518,29/Apr/26 5:35 AM;712020:5adbcfc1-23d7-4875-957d-56b7cb394290;Screenshot 2026-04-29 141611-20260429-084611.png;https://mmsrx.atlassian.net/rest/api/3/attachment/content/153517,29/Apr/26 5:35 AM;712020:5adbcfc1-23d7-4875-957d-56b7cb394290;Screenshot 2026-04-29 141637-20260429-084638.png;https://mmsrx.atlassian.net/rest/api/3/attachment/content/153519,29/Apr/26 9:56 AM;712020:5adbcfc1-23d7-4875-957d-56b7cb394290;Screenshot 2026-04-29 190844-20260429-133844.png;https://mmsrx.atlassian.net/rest/api/3/attachment/content/153558,29/Apr/26 9:56 AM;712020:5adbcfc1-23d7-4875-957d-56b7cb394290;Screenshot 2026-04-29 190925-20260429-133925.png;https://mmsrx.atlassian.net/rest/api/3/attachment/content/153557,29/Apr/26 9:56 AM;712020:5adbcfc1-23d7-4875-957d-56b7cb394290;Screenshot 2026-04-29 191108-20260429-134108.png;https://mmsrx.atlassian.net/rest/api/3/attachment/content/153559,29/Apr/26 9:56 AM;712020:5adbcfc1-23d7-4875-957d-56b7cb394290;Screenshot 2026-04-29 191127-20260429-134127.png;https://mmsrx.atlassian.net/rest/api/3/attachment/content/153556,29/Apr/26 9:56 AM;712020:5adbcfc1-23d7-4875-957d-56b7cb394290;Screenshot 2026-04-29 191242-20260429-134242.png;https://mmsrx.atlassian.net/rest/api/3/attachment/content/153560,29/Apr/26 9:56 AM;712020:5adbcfc1-23d7-4875-957d-56b7cb394290;Screenshot 2026-04-29 191300-20260429-134301.png;https://mmsrx.atlassian.net/rest/api/3/attachment/content/153555,24/Apr/26 10:38 AM;712020:a2d5e83c-fbf4-4fec-8c09-fc8cbe2e0db1;image-20260424-143505.png;https://mmsrx.atlassian.net/rest/api/3/attachment/content/152587,24/Apr/26 10:56 AM;712020:a2d5e83c-fbf4-4fec-8c09-fc8cbe2e0db1;image-20260424-145633.png;https://mmsrx.atlassian.net/rest/api/3/attachment/content/152590,,,,,,,,,,,,,,,,,,,,,,,,,,,,,,,com.atlassian.servicedesk.plugins.approvals.internal.customfield.ApprovalsCFValue@31b33bd1,,,,,,,,,,,,,,1,,,,"{pullrequest={dataType=pullrequest, state=MERGED, stateCount=1}, json={""cachedValue"":{""errors"":[],""summary"":{""pullrequest"":{""overall"":{""count"":1,""lastUpdated"":""2026-04-29T08:57:24.000-0400"",""stateCount"":1,""state"":""MERGED"",""dataType"":""pullrequest"",""open"":false},""byInstanceType"":{""GitHub"":{""count"":1,""name"":""GitHub""}}}}},""isStale"":true}}",,,,,,,,,,,,,,,,,,,,,,,,,,,,2|i041kv:,0.0,,,,,,Enter any SQL related to this task here.,,,,,TRX Sprint 227,,,,,,,,,,,,,,2.0,,,,,,,,,,,,,,,,,2026-04-24 14:38:34.627,10081_*:*_3_*:*_860179_*|*_10083_*:*_1_*:*_56748760_*|*_10075_*:*_1_*:*_4825_*|*_10074_*:*_3_*:*_191446871_*|*_10000_*:*_1_*:*_540046639_*|*_10077_*:*_1_*:*_2373_*|*_10110_*:*_3_*:*_329173064_*|*_10088_*:*_1_*:*_0_*|*_10087_*:*_1_*:*_1295702_*|*_10078_*:*_1_*:*_681450097_*|*_10089_*:*_1_*:*_15889701,"24/Apr/26 10:38 AM;712020:a2d5e83c-fbf4-4fec-8c09-fc8cbe2e0db1;Branch Name : bugfix/TRX-11596

Branch From : development

if we give any other name in tab other than dashboard tabs we are not calling API service → recordTabClicks to update from FE

if Fails in FE then in backend we are sending 401 error. 

fixed this bug if we give dashboard tabs then only we are calling API service from FE.

!image-20260424-143505.png|width=896,alt=""image-20260424-143505.png""!



!image-20260424-145633.png|width=868,alt=""image-20260424-145633.png""!","29/Apr/26 2:52 AM;712020:5adbcfc1-23d7-4875-957d-56b7cb394290;PreTest:Passed

Branch:bugfix/TRX-11596

Environment:qa12025

*TestCase1:* getting 200 success response for recordTabClicks if the dynamic and static tab names are given in URL,the results should be displayed and tab_name column is updated in DB

!Screenshot 2026-04-29 141353-20260429-084354.png|width=618,alt=""Screenshot 2026-04-29 141353-20260429-084354.png""!

!Screenshot 2026-04-29 141416-20260429-084417.png|width=618,alt=""Screenshot 2026-04-29 141416-20260429-084417.png""!

!Screenshot 2026-04-29 141637-20260429-084638.png|width=618,alt=""Screenshot 2026-04-29 141637-20260429-084638.png""!

!Screenshot 2026-04-29 141611-20260429-084611.png|width=618,alt=""Screenshot 2026-04-29 141611-20260429-084611.png""!



*TestCase2:* recordTabClicks is not reflected in the Inspect when unusual name are given as tab names in url, the results or table is not reflected as there is no dynamic and static tab name with the given unsual name and tab_name column should not be updated with any data in the DB

!Screenshot 2026-04-29 141019.png|width=618,alt=""Screenshot 2026-04-29 141019.png""!

!Screenshot 2026-04-29 141257.png|width=618,alt=""Screenshot 2026-04-29 141257.png""!","29/Apr/26 9:00 AM;712020:5adbcfc1-23d7-4875-957d-56b7cb394290;VerifyTest:Passed

Branch:release/Nova_3.4.3

Environment:qa32025

*TestCase1:* getting 200 success response for recordTabClicks if the dynamic and static tab names are given in URL,the results should be displayed and tab_name column is updated in DB

here trendingInjectables is the tab name provided in url so tab_name column is updated and table and products are displayed in th dashboard as it is an valid tab name 

!Screenshot 2026-04-29 190844-20260429-133844.png|width=618,alt=""Screenshot 2026-04-29 190844-20260429-133844.png""!

!Screenshot 2026-04-29 190925-20260429-133925.png|width=610,alt=""Screenshot 2026-04-29 190925-20260429-133925.png""!

here dynamic tab name is provided as dyn3 in the url so the tab_name column in DB is upadted with  tab name

!Screenshot 2026-04-29 191127-20260429-134127.png|width=618,alt=""Screenshot 2026-04-29 191127-20260429-134127.png""!

!Screenshot 2026-04-29 191108-20260429-134108.png|width=618,alt=""Screenshot 2026-04-29 191108-20260429-134108.png""!



*TestCase2:* recordTabClicks is not reflected in the Inspect when unusual name are given as tab names in url, the results or table is not reflected as there is no dynamic and static tab name with the given unsual name and tab_name column should not be updated with any data in the DB

here unsual tab name is provided so the tab_name column should not be updated and recordtabclicks in inspect should not be reflected

!Screenshot 2026-04-29 191300-20260429-134301.png|width=618,alt=""Screenshot 2026-04-29 191300-20260429-134301.png""!

!Screenshot 2026-04-29 191242-20260429-134242.png|width=618,alt=""Screenshot 2026-04-29 191242-20260429-134242.png""!",,,,,,,,,,,,Done,29/Apr/26 9:56 AM
Independent Catalog is not processing in Add Products module.,TRX-11593,133669,Bug,Closed,TRX,PrimeRx MARKET,software,Jeff Davis,712020:d5794e34-9434-4617-80c7-3bdd8d1daf78,,Medium,Won't Fix,Madhu Nodagala,712020:0e6b5cef-280d-41fa-b42f-a0bfc100925a,Prasad Nunela,712020:d0e433d0-6ae0-48a4-8dfa-058f141f9d43,Prasad Nunela,712020:d0e433d0-6ae0-48a4-8dfa-058f141f9d43,08/Apr/26 8:09 AM,29/Apr/26 9:32 AM,,27/Apr/26 6:46 AM,,,PrimeRx Market Website,,0,,,"Not able to process Independent Catalog when uploaded via Add Products module.

What should happen:  We should be able to process the Catalog successfully.

What is happening: Not able to process the Catalog.",,Madhu Nodagala,Nagarjuna Reddy,Prasad Nunela,,,712020:0e6b5cef-280d-41fa-b42f-a0bfc100925a,712020:3db4fd6d-5393-4a21-a78d-2d8272476330,712020:d0e433d0-6ae0-48a4-8dfa-058f141f9d43,,,,,,,,,,,,,,,,,,,,,08/Apr/26 8:58 AM;712020:d0e433d0-6ae0-48a4-8dfa-058f141f9d43;Independent Catalog 3.26.26.csv;https://mmsrx.atlassian.net/rest/api/3/attachment/content/149143,26/Apr/26 12:56 PM;712020:0e6b5cef-280d-41fa-b42f-a0bfc100925a;image-20260426-165238.png;https://mmsrx.atlassian.net/rest/api/3/attachment/content/152781,26/Apr/26 12:56 PM;712020:0e6b5cef-280d-41fa-b42f-a0bfc100925a;image-20260426-165307.png;https://mmsrx.atlassian.net/rest/api/3/attachment/content/152783,26/Apr/26 12:56 PM;712020:0e6b5cef-280d-41fa-b42f-a0bfc100925a;image-20260426-165320.png;https://mmsrx.atlassian.net/rest/api/3/attachment/content/152780,26/Apr/26 12:56 PM;712020:0e6b5cef-280d-41fa-b42f-a0bfc100925a;image-20260426-165459.png;https://mmsrx.atlassian.net/rest/api/3/attachment/content/152784,26/Apr/26 12:56 PM;712020:0e6b5cef-280d-41fa-b42f-a0bfc100925a;image-20260426-165536.png;https://mmsrx.atlassian.net/rest/api/3/attachment/content/152782,27/Apr/26 6:16 AM;712020:0e6b5cef-280d-41fa-b42f-a0bfc100925a;image-20260427-101646.png;https://mmsrx.atlassian.net/rest/api/3/attachment/content/152867,27/Apr/26 6:46 AM;712020:3db4fd6d-5393-4a21-a78d-2d8272476330;image-20260427-103639.png;https://mmsrx.atlassian.net/rest/api/3/attachment/content/152878,27/Apr/26 6:46 AM;712020:3db4fd6d-5393-4a21-a78d-2d8272476330;image-20260427-104146.png;https://mmsrx.atlassian.net/rest/api/3/attachment/content/152880,27/Apr/26 6:46 AM;712020:3db4fd6d-5393-4a21-a78d-2d8272476330;image-20260427-104200.png;https://mmsrx.atlassian.net/rest/api/3/attachment/content/152875,27/Apr/26 6:46 AM;712020:3db4fd6d-5393-4a21-a78d-2d8272476330;image-20260427-104228.png;https://mmsrx.atlassian.net/rest/api/3/attachment/content/152874,27/Apr/26 6:46 AM;712020:3db4fd6d-5393-4a21-a78d-2d8272476330;image-20260427-104249.png;https://mmsrx.atlassian.net/rest/api/3/attachment/content/152877,27/Apr/26 6:46 AM;712020:3db4fd6d-5393-4a21-a78d-2d8272476330;image-20260427-104314.png;https://mmsrx.atlassian.net/rest/api/3/attachment/content/152876,27/Apr/26 6:46 AM;712020:3db4fd6d-5393-4a21-a78d-2d8272476330;image-20260427-104507.png;https://mmsrx.atlassian.net/rest/api/3/attachment/content/152879,,,,,,,,,,,,,,,,,,,,,,,,,,,,,,,com.atlassian.servicedesk.plugins.approvals.internal.customfield.ApprovalsCFValue@45ef8f95,,,,,,,,,,,,,,1,,,,{},,,,,,,,,,,,,,,,,,,,,,,,,,,,2|i041k7:,0.0,,,,,,Enter any SQL related to this task here.,,,,,TRX Sprint 227,,,,,,,,,,,,,,2.0,,,,,,,,,,,,,,,,,2026-04-26 16:56:04.711,10081_*:*_1_*:*_4088_*|*_10083_*:*_1_*:*_64213949_*|*_10075_*:*_1_*:*_2783_*|*_10074_*:*_1_*:*_810402927_*|*_10000_*:*_1_*:*_540409471_*|*_10077_*:*_1_*:*_2920_*|*_10110_*:*_1_*:*_4594_*|*_10087_*:*_1_*:*_5102_*|*_10078_*:*_1_*:*_221562587_*|*_10089_*:*_1_*:*_0,"26/Apr/26 12:56 PM;712020:0e6b5cef-280d-41fa-b42f-a0bfc100925a;Branch: TRX-11593-D

Env: madhu2025

[~accountid:712020:d0e433d0-6ae0-48a4-8dfa-058f141f9d43] , Please check this as it is a data issue and import heading map issue.

The problem is with the attached catalog as it has bad data in the 1st column Type

!image-20260427-101646.png|width=772,alt=""image-20260427-101646.png""!

The column Type should have NDC,OT,OTH values but it consists of the data with IDs or NDC values so all the columns are treated as bad data and catalog import is failed.

There are no code changes in this task as it is working as expected.

User able to upload and process the catalog in Add Products module if the catalog headers match the headers in Import Heading Map in supplier main settings->store bulk upload configuration section.
Uploaded the catalog in Add products Module.

!image-20260426-165238.png|width=800,alt=""image-20260426-165238.png""!

!image-20260426-165307.png|width=780,alt=""image-20260426-165307.png""!

!image-20260426-165320.png|width=780,alt=""image-20260426-165320.png""!

Processed the catalog and the catalog is processed successfully.

!image-20260426-165459.png|width=780,alt=""image-20260426-165459.png""!

Catalog process is also completed.

!image-20260426-165536.png|width=780,alt=""image-20260426-165536.png""!","27/Apr/26 6:46 AM;712020:3db4fd6d-5393-4a21-a78d-2d8272476330;[~accountid:712020:d0e433d0-6ae0-48a4-8dfa-058f141f9d43] 

The attached file has incorrect data in the 1st column 

In the column, we need to provide the product type (e.g., OTC, PPE, NDC, OTH), but we have entered NDC values. That is the reason to failed the catalog earlier.

!image-20260427-103639.png|width=962,alt=""image-20260427-103639.png""!

If we sned the catalog like below, then it is processed.

!image-20260427-104200.png|width=1015,alt=""image-20260427-104200.png""!



!image-20260427-104228.png|width=1015,alt=""image-20260427-104228.png""!



!image-20260427-104146.png|width=1015,alt=""image-20260427-104146.png""!

!image-20260427-104249.png|width=830,alt=""image-20260427-104249.png""!

!image-20260427-104314.png|width=1015,alt=""image-20260427-104314.png""!



!image-20260427-104507.png|width=1015,alt=""image-20260427-104507.png""!",,,,,,,,,,,,,Done,27/Apr/26 6:46 AM
Automation task: Confirm orders page Amount Charged shouldn't include Unaccepted or Item Cancelled in total,TRX-11592,133668,Automation,Business Acceptance,TRX,PrimeRx MARKET,software,Jeff Davis,712020:d5794e34-9434-4617-80c7-3bdd8d1daf78,,Medium,,Anil Nanepogu,712020:5adbcfc1-23d7-4875-957d-56b7cb394290,Anil Nanepogu,712020:5adbcfc1-23d7-4875-957d-56b7cb394290,Anil Nanepogu,712020:5adbcfc1-23d7-4875-957d-56b7cb394290,08/Apr/26 8:08 AM,17/Apr/26 2:42 AM,,,,,PrimeRx Market Website,,0,,,"Confirm orders page Amount Charged shouldn't include Unaccepted or Item Cancelled in total

Steps to Reproduce

# Login as a Buyer and place an order with a Stripe enabled Supplier
# Login as the Supplier and Unaccept the Order

*What is happening:* charged total still includes the item that was Unaccepted

*What should happen*: charged total shouldnt' include any items Unaccepted or Item Cancelled in the total",,Anil Nanepogu,,,,,712020:5adbcfc1-23d7-4875-957d-56b7cb394290,,,,,,,,,,,,,,,TRX-11498,,,,TRX-11605,,,,13/Apr/26 9:04 AM;712020:5adbcfc1-23d7-4875-957d-56b7cb394290;paymentPortal.ConfirmOrdersPaymentTest Automation Reports.html;https://mmsrx.atlassian.net/rest/api/3/attachment/content/149878,,,,,,,,,,,,,,,,,,,,,,,,,,,,,,,,,,,,,,,,,,,,com.atlassian.servicedesk.plugins.approvals.internal.customfield.ApprovalsCFValue@761d38b3,,,,,,,,,,,,,,1,,,,"{pullrequest={dataType=pullrequest, state=MERGED, stateCount=1}, json={""cachedValue"":{""errors"":[],""summary"":{""pullrequest"":{""overall"":{""count"":1,""lastUpdated"":""2026-04-16T08:29:19.000-0400"",""stateCount"":1,""state"":""MERGED"",""dataType"":""pullrequest"",""open"":false},""byInstanceType"":{""GitHub"":{""count"":1,""name"":""GitHub""}}}}},""isStale"":true}}",,,,,,,,,,,,,,,,,,,,,,,,,,,,2|i041jz:,0.0,,,,,,Enter any SQL related to this task here.,,,,,TRX Sprint 227,,,,,,,,,,,,,,2.0,,,,,,,,,,,,,,,,,,,,,,,,,,,,,,71805,TRX-6930,Testing Automation,Done,17/Apr/26 2:42 AM
Automation Task: Cut Off time as Closed is displayed in the Manage Purchase and Confirm Orders,TRX-11590,133666,Automation,Done,TRX,PrimeRx MARKET,software,Jeff Davis,712020:d5794e34-9434-4617-80c7-3bdd8d1daf78,,Medium,Done,Radhika Kopparapu,712020:6179edff-4ad9-4d94-bb3d-97dc682dfe18,Radhika Kopparapu,712020:6179edff-4ad9-4d94-bb3d-97dc682dfe18,Radhika Kopparapu,712020:6179edff-4ad9-4d94-bb3d-97dc682dfe18,08/Apr/26 8:06 AM,16/Apr/26 2:45 AM,,16/Apr/26 2:45 AM,,,PrimeRx Market Website,,0,,,"*UAC:*

Closed Today should be displayed in Mange Purchases, Confirm Orders for purchased order same as Shipping Minimums and Cart

*PreRequiste:* Login as a Supplier, Navigate to Shipping Settings and change the cutOff time dropdown to 'Closed' ",,Radhika Kopparapu,,,,,712020:6179edff-4ad9-4d94-bb3d-97dc682dfe18,,,,,,,,,,,,,,,TRX-11508,,,,TRX-11602,,,,16/Apr/26 2:44 AM;712020:6179edff-4ad9-4d94-bb3d-97dc682dfe18;paymentPortal.ConfirmOrdersPaymentTest (8c9e4aa4-7e64-452a-b46a-8718399f785b).html;https://mmsrx.atlassian.net/rest/api/3/attachment/content/150731,10/Apr/26 4:35 AM;712020:6179edff-4ad9-4d94-bb3d-97dc682dfe18;paymentPortal.ConfirmOrdersPaymentTest.html;https://mmsrx.atlassian.net/rest/api/3/attachment/content/149485,,,,,,,,,,,,,,,,,,,,,,,,,,,,,,,,,,,,,,,,,,,com.atlassian.servicedesk.plugins.approvals.internal.customfield.ApprovalsCFValue@5e58fd1a,,,,,,,,,,,,,,1,,,,"{pullrequest={dataType=pullrequest, state=MERGED, stateCount=1}, json={""cachedValue"":{""errors"":[],""summary"":{""pullrequest"":{""overall"":{""count"":1,""lastUpdated"":""2026-04-15T08:54:20.000-0400"",""stateCount"":1,""state"":""MERGED"",""dataType"":""pullrequest"",""open"":false},""byInstanceType"":{""GitHub"":{""count"":1,""name"":""GitHub""}}}}},""isStale"":true}}",,,,,,,,,,,,,,,,,,,,,,,,,,,,2|i041jj:,0.0,,,,,,Enter any SQL related to this task here.,,,,,TRX Sprint 227,,,,,,,,,,,,,,2.0,,,,,,,,,,,,,,,,,,10081_*:*_1_*:*_2584_*|*_10083_*:*_1_*:*_2531_*|*_10075_*:*_1_*:*_73234783_*|*_10086_*:*_1_*:*_0_*|*_10074_*:*_1_*:*_86898111_*|*_10109_*:*_1_*:*_2472_*|*_10000_*:*_1_*:*_48790_*|*_10077_*:*_1_*:*_3381_*|*_10110_*:*_1_*:*_4700919_*|*_10088_*:*_1_*:*_64238201_*|*_10076_*:*_1_*:*_3392_*|*_10078_*:*_1_*:*_2430_*|*_10089_*:*_1_*:*_442840558_*|*_10103_*:*_1_*:*_2454,,,,,,,,,,,,71805,TRX-6930,Testing Automation,Done,16/Apr/26 2:45 AM
Automation Task : Need to update Footer Text to display Redsail RxMarket for Supplier,TRX-11588,133663,Automation,Done,TRX,PrimeRx MARKET,software,Jeff Davis,712020:d5794e34-9434-4617-80c7-3bdd8d1daf78,,Medium,Done,Radhika Kopparapu,712020:6179edff-4ad9-4d94-bb3d-97dc682dfe18,Radhika Kopparapu,712020:6179edff-4ad9-4d94-bb3d-97dc682dfe18,Radhika Kopparapu,712020:6179edff-4ad9-4d94-bb3d-97dc682dfe18,08/Apr/26 8:03 AM,23/Apr/26 9:09 AM,,22/Apr/26 8:06 AM,,,PrimeRx Market Website,,0,,,"Need to update the text on the footer of the site, it should now change to Redsail RxMarket for Supplier

UAC

# Update site footer text
## *from* Copyright ©2026 PrimeRx MARKET , Inc. All Rights Reserved. Use of this Web site constitutes acceptance of the PrimeRx MARKET TERMS & CONDITIONS and PRIVACY POLICY
## *to* Copyright ©2026 Redsail RxMarket All Rights Reserved. Use of this Web site constitutes acceptance of the Redsail RxMarket TERMS & CONDITIONS and PRIVACY POLICY

!image-20260403-034126.png|width=1148,alt=""image-20260403-034126.png""!",,Radhika Kopparapu,,,,,712020:6179edff-4ad9-4d94-bb3d-97dc682dfe18,,,,,,,,,,,,,,,TRX-11565,,,,TRX-11617,,,,08/Apr/26 8:04 AM;712020:6179edff-4ad9-4d94-bb3d-97dc682dfe18;image-20260403-034126.png;https://mmsrx.atlassian.net/rest/api/3/attachment/content/149123,22/Apr/26 8:05 AM;712020:6179edff-4ad9-4d94-bb3d-97dc682dfe18;supplier.FooterScenariosInSupplierTest (b5fcb229-a743-497e-8837-2b5c2c7161a3).html;https://mmsrx.atlassian.net/rest/api/3/attachment/content/151931,17/Apr/26 6:29 AM;712020:6179edff-4ad9-4d94-bb3d-97dc682dfe18;supplier.FooterScenariosInSupplierTest.html;https://mmsrx.atlassian.net/rest/api/3/attachment/content/151127,,,,,,,,,,,,,,,,,,,,,,,,,,,,,,,,,,,,,,,,,,com.atlassian.servicedesk.plugins.approvals.internal.customfield.ApprovalsCFValue@54c15c46,,,,,,,,,,,,,,1,,,,{},,,,,,,,,,,,,,,,,,,,,,,,,,,,2|i041iv:,0.0,,,,,,Enter any SQL related to this task here.,,,,,TRX Sprint 227,,,,,,,,,,,,,,3.0,,,,,,,,,,,,,,,,,,10081_*:*_1_*:*_2961_*|*_10083_*:*_1_*:*_2423_*|*_10075_*:*_1_*:*_668165977_*|*_10086_*:*_1_*:*_0_*|*_10074_*:*_1_*:*_103649886_*|*_10109_*:*_1_*:*_3350_*|*_10000_*:*_1_*:*_78574_*|*_10077_*:*_1_*:*_2300_*|*_10110_*:*_1_*:*_2645553_*|*_10088_*:*_1_*:*_189166006_*|*_10076_*:*_1_*:*_2540_*|*_10078_*:*_1_*:*_2369_*|*_10089_*:*_1_*:*_246042221_*|*_10103_*:*_1_*:*_2230,16/Apr/26 3:46 AM;712020:6179edff-4ad9-4d94-bb3d-97dc682dfe18;Code is available under [https://mmsrx.atlassian.net/browse/TRX-11587|https://mmsrx.atlassian.net/browse/TRX-11587|smart-link] ,,,,,,,,,,,71805,TRX-6930,Testing Automation,Done,22/Apr/26 8:05 AM
Automation Task : Need to update Footer Text to display Redsail RxMarket for Buyer,TRX-11587,133662,Automation,Done,TRX,PrimeRx MARKET,software,Jeff Davis,712020:d5794e34-9434-4617-80c7-3bdd8d1daf78,,Medium,Done,Radhika Kopparapu,712020:6179edff-4ad9-4d94-bb3d-97dc682dfe18,Radhika Kopparapu,712020:6179edff-4ad9-4d94-bb3d-97dc682dfe18,Radhika Kopparapu,712020:6179edff-4ad9-4d94-bb3d-97dc682dfe18,08/Apr/26 8:00 AM,23/Apr/26 9:09 AM,,22/Apr/26 8:05 AM,,,PrimeRx Market Website,,0,,,"Need to update the text on the footer of the site, it should now change to Redsail RxMarket for Buyer

UAC

# Update site footer text
## *from* Copyright ©2026 PrimeRx MARKET , Inc. All Rights Reserved. Use of this Web site constitutes acceptance of the PrimeRx MARKET TERMS & CONDITIONS and PRIVACY POLICY
## *to* Copyright ©2026 Redsail RxMarket All Rights Reserved. Use of this Web site constitutes acceptance of the Redsail RxMarket TERMS & CONDITIONS and PRIVACY POLICY

!image-20260403-034126.png|width=1148,alt=""image-20260403-034126.png""!

h2. ",,Radhika Kopparapu,,,,,712020:6179edff-4ad9-4d94-bb3d-97dc682dfe18,,,,,,,,,,,,,,,TRX-11565,TRX-11616,,,,,,,08/Apr/26 8:02 AM;712020:6179edff-4ad9-4d94-bb3d-97dc682dfe18;image-20260403-034126.png;https://mmsrx.atlassian.net/rest/api/3/attachment/content/149121,22/Apr/26 8:04 AM;712020:6179edff-4ad9-4d94-bb3d-97dc682dfe18;pharmacy.FooterInAllModulesTest (cae4fa6a-0ba5-4263-976e-8cfd7d904ca3).html;https://mmsrx.atlassian.net/rest/api/3/attachment/content/151930,17/Apr/26 6:28 AM;712020:6179edff-4ad9-4d94-bb3d-97dc682dfe18;pharmacy.FooterInAllModulesTest.html;https://mmsrx.atlassian.net/rest/api/3/attachment/content/151126,,,,,,,,,,,,,,,,,,,,,,,,,,,,,,,,,,,,,,,,,,com.atlassian.servicedesk.plugins.approvals.internal.customfield.ApprovalsCFValue@5cf3c02c,,,,,,,,,,,,,,1,,,,"{pullrequest={dataType=pullrequest, state=MERGED, stateCount=1}, json={""cachedValue"":{""errors"":[],""summary"":{""pullrequest"":{""overall"":{""count"":1,""lastUpdated"":""2026-04-20T03:31:26.000-0400"",""stateCount"":1,""state"":""MERGED"",""dataType"":""pullrequest"",""open"":false},""byInstanceType"":{""GitHub"":{""count"":1,""name"":""GitHub""}}}}},""isStale"":true}}",,,,,,,,,,,,,,,,,,,,,,,,,,,,2|i041in:,0.0,,,,,,Enter any SQL related to this task here.,,,,,TRX Sprint 227,,,,,,,,,,,,,,3.0,,,,,,,,,,,,,,,,,,10081_*:*_1_*:*_5808_*|*_10083_*:*_1_*:*_2644_*|*_10075_*:*_1_*:*_160769741_*|*_10086_*:*_1_*:*_0_*|*_10074_*:*_1_*:*_611170350_*|*_10109_*:*_1_*:*_2197_*|*_10000_*:*_1_*:*_79632_*|*_10077_*:*_1_*:*_2927_*|*_10110_*:*_1_*:*_2633286_*|*_10088_*:*_1_*:*_189107463_*|*_10076_*:*_1_*:*_2975_*|*_10078_*:*_1_*:*_2620_*|*_10089_*:*_1_*:*_246048434_*|*_10103_*:*_1_*:*_2988,,,,,,,,,,,,71805,TRX-6930,Testing Automation,Done,22/Apr/26 8:04 AM
Automation : Change Apply for Controls button to Pending after clicked on,TRX-11586,133661,Automation,Business Acceptance,TRX,PrimeRx MARKET,software,Jeff Davis,712020:d5794e34-9434-4617-80c7-3bdd8d1daf78,,Medium,,Anil Nanepogu,712020:5adbcfc1-23d7-4875-957d-56b7cb394290,Anil Nanepogu,712020:5adbcfc1-23d7-4875-957d-56b7cb394290,Anil Nanepogu,712020:5adbcfc1-23d7-4875-957d-56b7cb394290,08/Apr/26 8:00 AM,22/Apr/26 9:08 AM,,,,,PrimeRx Market Website,,0,,,"As a Buyer, I would like the Apply for Controls Button label to change after I click on it so I know I already clicked on it

UAC

# Change button label *Apply for Controls* to *PENDING APPROVAL* after it’s clicked on and either document is either esigned or emailed to buyer
## Keep disable from click afterward
## Keep auto- reset back to Apply for Controls if not setup in the next 30 days



*Note:* Right now we are not changing label, only disabling from click 

!image-20260106-154348.png|width=894,alt=""image-20260106-154348.png""!",,Anil Nanepogu,,,,,712020:5adbcfc1-23d7-4875-957d-56b7cb394290,,,,,,,,,,,,,,,TRX-11366,,,,TRX-11611,,,,08/Apr/26 8:03 AM;712020:5adbcfc1-23d7-4875-957d-56b7cb394290;image-20260106-154348.png;https://mmsrx.atlassian.net/rest/api/3/attachment/content/149122,15/Apr/26 6:05 AM;712020:5adbcfc1-23d7-4875-957d-56b7cb394290;pharmacy.categories.ControlsInCatgoriesTestClass Automation Reports.html;https://mmsrx.atlassian.net/rest/api/3/attachment/content/150410,,,,,,,,,,,,,,,,,,,,,,,,,,,,,,,,,,,,,,,,,,,com.atlassian.servicedesk.plugins.approvals.internal.customfield.ApprovalsCFValue@1118cbe1,,,,,,,,,,,,,,1,,,,"{pullrequest={dataType=pullrequest, state=MERGED, stateCount=1}, json={""cachedValue"":{""errors"":[],""summary"":{""pullrequest"":{""overall"":{""count"":1,""lastUpdated"":""2026-04-22T09:06:07.000-0400"",""stateCount"":1,""state"":""MERGED"",""dataType"":""pullrequest"",""open"":false},""byInstanceType"":{""GitHub"":{""count"":1,""name"":""GitHub""}}}}},""isStale"":true}}",,,,,,,,,,,,,,,,,,,,,,,,,,,,2|i041if:,0.0,,,,,,Enter any SQL related to this task here.,,,,,TRX Sprint 227,,,,,,,,,,,,,,2.0,,,,,,,,,,,,,,,,,,,,,,,,,,,,,,71805,TRX-6930,Testing Automation,Done,22/Apr/26 9:08 AM
Migrate existing selenium UI tests to Playwright - Part 3,TRX-11585,133656,Automation,Business Acceptance,TRX,PrimeRx MARKET,software,Jeff Davis,712020:d5794e34-9434-4617-80c7-3bdd8d1daf78,,Medium,,Anil Nanepogu,712020:5adbcfc1-23d7-4875-957d-56b7cb394290,Sankalp Bajpai,712020:637d1039-4089-49a0-90a4-15ef3e8b191f,Sankalp Bajpai,712020:637d1039-4089-49a0-90a4-15ef3e8b191f,08/Apr/26 7:30 AM,30/Apr/26 8:44 AM,,,,,PrimeRx Market Website,,0,,,"This is a placeholder for a PoC on selenium to playwright migration. We will try to automate a few critical tests and if it adds value, we will bring this to mainstream.
",,Anil Nanepogu,Sankalp Bajpai,,,,712020:5adbcfc1-23d7-4875-957d-56b7cb394290,712020:637d1039-4089-49a0-90a4-15ef3e8b191f,,,,,,,,,,,,,,,,,,,,,,29/Apr/26 8:50 AM;712020:5adbcfc1-23d7-4875-957d-56b7cb394290;fav.index.html;https://mmsrx.atlassian.net/rest/api/3/attachment/content/153550,27/Apr/26 8:51 AM;712020:5adbcfc1-23d7-4875-957d-56b7cb394290;loginpage.index.html;https://mmsrx.atlassian.net/rest/api/3/attachment/content/152887,,,,,,,,,,,,,,,,,,,,,,,,,,,,,,,,,,,,,,,,,,,com.atlassian.servicedesk.plugins.approvals.internal.customfield.ApprovalsCFValue@9b847c3,,,,,,,,,,,,,,1,,,,{},,,,,,,,,,,,,,,,,,,,,,,,,,,,2|i041hb:,0.0,,,,,,Enter any SQL related to this task here.,,,,,TRX Sprint 227,,,,,,,,,,,,,,1.0,,,,,,,,,,,,,,,,,2026-04-29 08:13:46.119,,29/Apr/26 4:13 AM;712020:5adbcfc1-23d7-4875-957d-56b7cb394290;Able to migrate the redsail market Favourites module to playwrite,,,,,,,,,,,,,,Done,29/Apr/26 4:14 AM
Migrate existing selenium UI tests to Playwright - Part 2,TRX-11584,133655,Automation,Business Acceptance,TRX,PrimeRx MARKET,software,Jeff Davis,712020:d5794e34-9434-4617-80c7-3bdd8d1daf78,,Medium,,Ramalakshmi V,712020:87914119-26d2-4a2c-be97-8681c0cefa89,Sankalp Bajpai,712020:637d1039-4089-49a0-90a4-15ef3e8b191f,Sankalp Bajpai,712020:637d1039-4089-49a0-90a4-15ef3e8b191f,08/Apr/26 7:29 AM,22/Apr/26 9:03 AM,,,,,PrimeRx Market Website,,0,,,"This is a placeholder for a PoC on selenium to playwright migration. We will try to automate a few critical tests and if it adds value, we will bring this to mainstream.",,Ramalakshmi V,Sankalp Bajpai,,,,712020:87914119-26d2-4a2c-be97-8681c0cefa89,712020:637d1039-4089-49a0-90a4-15ef3e8b191f,,,,,,,,,,,,,,,,,,,,,,,,,,,,,,,,,,,,,,,,,,,,,,,,,,,,,,,,,,,,,,,,,,com.atlassian.servicedesk.plugins.approvals.internal.customfield.ApprovalsCFValue@737e32a7,,,,,,,,,,,,,,1,,,,{},,,,,,,,,,,,,,,,,,,,,,,,,,,,2|i041h3:,0.0,,,,,,Enter any SQL related to this task here.,,,,,TRX Sprint 227,,,,,,,,,,,,,,1.0,,,,,,,,,,,,,,,,,2026-04-20 19:17:16.834,,"20/Apr/26 3:17 PM;712020:87914119-26d2-4a2c-be97-8681c0cefa89;Related to playwright migration

1.Uploaded zip file playwright migration

2.Added onboarding tour files (java,test,locators)

3.Executed the scripts and generated the reports",,,,,,,,,,,,,,Done,21/Apr/26 3:21 AM
Migrate existing selenium UI tests to Playwright - Part 1,TRX-11583,133654,Automation,Done,TRX,PrimeRx MARKET,software,Jeff Davis,712020:d5794e34-9434-4617-80c7-3bdd8d1daf78,,Medium,Done,Radhika Kopparapu,712020:6179edff-4ad9-4d94-bb3d-97dc682dfe18,Sankalp Bajpai,712020:637d1039-4089-49a0-90a4-15ef3e8b191f,Sankalp Bajpai,712020:637d1039-4089-49a0-90a4-15ef3e8b191f,08/Apr/26 7:28 AM,29/Apr/26 9:32 AM,,28/Apr/26 3:29 AM,,,PrimeRx Market Website,,0,,,"This is a placeholder for a PoC on selenium to playwright migration. We will try to automate a few critical tests and if it adds value, we will bring this to mainstream.",,Radhika Kopparapu,Sankalp Bajpai,,,,712020:6179edff-4ad9-4d94-bb3d-97dc682dfe18,712020:637d1039-4089-49a0-90a4-15ef3e8b191f,,,,,,,,,,,,,,,,,,,,,,28/Apr/26 3:29 AM;712020:6179edff-4ad9-4d94-bb3d-97dc682dfe18;BuyerFooterTextReport1.html;https://mmsrx.atlassian.net/rest/api/3/attachment/content/153114,28/Apr/26 3:29 AM;712020:6179edff-4ad9-4d94-bb3d-97dc682dfe18;BuyerFooterTextReport2.html;https://mmsrx.atlassian.net/rest/api/3/attachment/content/153115,,,,,,,,,,,,,,,,,,,,,,,,,,,,,,,,,,,,,,,,,,,com.atlassian.servicedesk.plugins.approvals.internal.customfield.ApprovalsCFValue@8e30fda,,,,,,,,,,,,,,1,,,,{},,,,,,,,,,,,,,,,,,,,,,,,,,,,2|i041gv:,0.0,,,,,,Enter any SQL related to this task here.,,,,,TRX Sprint 227,,,,,,,,,,,,,,1.0,,,,,,,,,,,,,,,,,2026-04-28 07:27:06.396,10081_*:*_1_*:*_3686_*|*_10083_*:*_1_*:*_3102_*|*_10075_*:*_2_*:*_8854_*|*_10086_*:*_1_*:*_0_*|*_10074_*:*_1_*:*_412868798_*|*_10109_*:*_1_*:*_2416_*|*_10000_*:*_1_*:*_1300747634_*|*_10077_*:*_1_*:*_2788_*|*_10110_*:*_1_*:*_2253_*|*_10088_*:*_1_*:*_4051_*|*_10076_*:*_1_*:*_5354_*|*_10078_*:*_2_*:*_6086_*|*_10089_*:*_1_*:*_2527_*|*_10103_*:*_1_*:*_3519,"28/Apr/26 3:27 AM;712020:6179edff-4ad9-4d94-bb3d-97dc682dfe18;h3. Playwright Migration Update

# Opened the Playwright migration code in Visual Studio Code.
# Migrated and added files for verifying footer text (Java, test, and locators) for Buyer module.
# Executed the scripts successfully and generated reports.",,,,,,,,,,,,,,Done,28/Apr/26 3:29 AM
rxt_sold_product_archive has data in product_id which no longer exist in rxt_product table,TRX-11582,133465,Bug,Done,TRX,PrimeRx MARKET,software,Jeff Davis,712020:d5794e34-9434-4617-80c7-3bdd8d1daf78,,Medium,Fixed,Prasad Kanneti,712020:53d44bee-0a51-4c24-9855-77757f09232f,Neha Reddy Mandli,712020:f6570a0c-ef4c-4a7c-83ff-1a460eaf4935,Neha Reddy Mandli,712020:f6570a0c-ef4c-4a7c-83ff-1a460eaf4935,07/Apr/26 11:47 AM,29/Apr/26 9:32 AM,,27/Apr/26 7:22 AM,,MKT-3.4.3,PrimeRx Market Website,,0,,,"rxt_sold_product_archive has obsolete product_id information.

Eg: 
product_id = 1232692 - in archive table
shows empty data set in product table

Attached are images.

Note: This example is fixed on prod so please check on stage. There are other similar examples
",,Nagarjuna Reddy,Neha Reddy Mandli,Prasad Kanneti,Prasad Nunela,,712020:3db4fd6d-5393-4a21-a78d-2d8272476330,712020:f6570a0c-ef4c-4a7c-83ff-1a460eaf4935,712020:53d44bee-0a51-4c24-9855-77757f09232f,712020:d0e433d0-6ae0-48a4-8dfa-058f141f9d43,,,,,,,,,,,,TRX-10018,,,,,,,,07/Apr/26 11:43 AM;712020:f6570a0c-ef4c-4a7c-83ff-1a460eaf4935;image-20260407-154340.png;https://mmsrx.atlassian.net/rest/api/3/attachment/content/148917,07/Apr/26 11:45 AM;712020:f6570a0c-ef4c-4a7c-83ff-1a460eaf4935;image-20260407-154535.png;https://mmsrx.atlassian.net/rest/api/3/attachment/content/148918,,,,,,,,,,,,,,,,,,,,,,,,,,,,,,,,,,,,,,,,,,,com.atlassian.servicedesk.plugins.approvals.internal.customfield.ApprovalsCFValue@43f7122b,,,,,,,,,,,,,,1,,,,"{pullrequest={dataType=pullrequest, state=MERGED, stateCount=1}, json={""cachedValue"":{""errors"":[],""summary"":{""pullrequest"":{""overall"":{""count"":1,""lastUpdated"":""2026-04-27T04:50:14.000-0400"",""stateCount"":1,""state"":""MERGED"",""dataType"":""pullrequest"",""open"":false},""byInstanceType"":{""GitHub"":{""count"":1,""name"":""GitHub""}}}}},""isStale"":true}}",,,,,,,,,,,,,,,,,,,,,,,,,,,,2|i041m5:,0.0,,,,,,"UPDATE rxt_sold_product_archive sp
LEFT JOIN rxt_product p
  ON p.ndc_code542 = sp.ndc
SET sp.product_id = COALESCE(p.id, 0)
WHERE sp.ndc IS NOT NULL
  AND sp.ndc <> '';",,,,,TRX Sprint 227,,,,,,,,,,,,,,3.0,,,,,,,,,,,,,,,,,2026-04-17 10:49:25.939,10081_*:*_2_*:*_139802_*|*_10083_*:*_1_*:*_253216801_*|*_10075_*:*_1_*:*_4117_*|*_10074_*:*_2_*:*_274224335_*|*_10000_*:*_1_*:*_2756603_*|*_10077_*:*_1_*:*_79397012_*|*_10110_*:*_2_*:*_66789067_*|*_10088_*:*_1_*:*_0_*|*_10087_*:*_1_*:*_62054071_*|*_10078_*:*_1_*:*_425901214_*|*_10089_*:*_1_*:*_538511610,"17/Apr/26 6:49 AM;712020:d0e433d0-6ae0-48a4-8dfa-058f141f9d43;The column ndc_code541 is removed from rxt_product table as part of [https://mmsrx.atlassian.net/browse/TRX-10217|https://mmsrx.atlassian.net/browse/TRX-10217|smart-link], we cannot use that column in join condition.","17/Apr/26 6:59 AM;712020:53d44bee-0a51-4c24-9855-77757f09232f;[~accountid:712020:d0e433d0-6ae0-48a4-8dfa-058f141f9d43] please check again i didn’t used ndc_code5-4-1 , i have used ndc_code541","17/Apr/26 7:02 AM;712020:d0e433d0-6ae0-48a4-8dfa-058f141f9d43;[~accountid:712020:53d44bee-0a51-4c24-9855-77757f09232f] We removed both columns from rxt_product table.  Please find the queries below



{code:sql}# TRX-10217
ALTER TABLE `rxt_product` DROP INDEX `ndc_code5-4-1`;
ALTER TABLE `rxt_product` DROP INDEX `ndc_code541`;

ALTER TABLE `rxt_product` DROP COLUMN `ndc_code5-4-1`;
ALTER TABLE `rxt_product` DROP COLUMN `ndc_code541`;{code}","20/Apr/26 5:37 AM;712020:3db4fd6d-5393-4a21-a78d-2d8272476330;Pretest: Passed

Environment: QA32025

Branch: TRX-11582-D

As per the discussion with Dev, QA needs to ensure the following test cases.

*Case 1:*
If the NDC is not available in the rxt_product table, then the corresponding product_id should be set to ""0"" in the rxt_sold_product_archive table.

*Case 2*:
If the NDC exists in the rxt_product table with a valid product_id, then that product_id should be updated in the rxt_sold_product_archive table for the corresponding NDC.","27/Apr/26 6:50 AM;712020:3db4fd6d-5393-4a21-a78d-2d8272476330;Verify Test: Passed

Environment: QA32025

Branch: development

As per the discussion with Dev, QA needs to ensure the following test cases.

*Case 1:*
If the NDC is not available in the rxt_product table, then the corresponding product_id should be set to ""0"" in the rxt_sold_product_archive table.

*Case 2*:
If the NDC exists in the rxt_product table with a valid product_id, then that product_id should be updated in the rxt_sold_product_archive table for the corresponding NDC.





Case 1:
If the NDC is not available in the rxt_product table, then the corresponding product_id should be set to ""0"" in the rxt_sold_product_archive table.



SELECT rsa.ndc,
       rsa.product_id
FROM rxt_sold_product_archive rsa
LEFT JOIN rxt_product rp
    ON rsa.ndc = rp.ndc_code542
WHERE rp.ndc_code542 IS NULL
  AND rsa.product_id <> 0;

 

Case 2:
If the NDC exists in the rxt_product table with a valid product_id, then that product_id should be updated in the rxt_sold_product_archive table for the corresponding NDC.

 

SELECT rsa.ndc,
       rsa.product_id AS archive_product_id,
       [rp.Id|http://rp.Id] AS product_table_product_id
FROM rxt_sold_product_archive rsa
JOIN rxt_product rp
    ON rsa.ndc = rp.ndc_code542
WHERE rsa.product_id <> [rp.Id|http://rp.Id]  
ORDER BY `rsa`.`ndc` DESC",,,,,,,,,,Done,27/Apr/26 7:22 AM
When Search term has : then getting console error,TRX-11579,133293,Bug,Closed,TRX,PrimeRx MARKET,software,Jeff Davis,712020:d5794e34-9434-4617-80c7-3bdd8d1daf78,,Medium,Won't Fix,Madhu Nodagala,712020:0e6b5cef-280d-41fa-b42f-a0bfc100925a,Nagarjuna Reddy,712020:3db4fd6d-5393-4a21-a78d-2d8272476330,Nagarjuna Reddy,712020:3db4fd6d-5393-4a21-a78d-2d8272476330,07/Apr/26 5:41 AM,30/Apr/26 8:44 AM,,29/Apr/26 10:48 AM,MKT-3.4.1.3,MKT-3.5,PrimeRx Market Website,,0,,,"Issue: When Search term has : then getting console error

Environment: stage2025

Branch: release/Nova_3.4.1.3

*Test data :*  Xylocaine 1%-Epi 1:100,000

Steps to reproduce: 

# Login as Buyer
# Perform Search with “:“  Like ==> Xylocaine 1%-Epi 1:100,000

Expected Result: Should be displayed the results

Actual Result: Upon click on “Go“ button the search term is cleared and console error is displayed.



!image-20260407-094443.png|width=1070,alt=""image-20260407-094443.png""!",,Madhu Nodagala,Nagarjuna Reddy,Radhika Kopparapu,,,712020:0e6b5cef-280d-41fa-b42f-a0bfc100925a,712020:3db4fd6d-5393-4a21-a78d-2d8272476330,712020:6179edff-4ad9-4d94-bb3d-97dc682dfe18,,,,,,,,,,,,,TRX-11558,,,,TRX-11648,,,,07/Apr/26 5:44 AM;712020:3db4fd6d-5393-4a21-a78d-2d8272476330;image-20260407-094443.png;https://mmsrx.atlassian.net/rest/api/3/attachment/content/148835,23/Apr/26 9:17 AM;712020:3db4fd6d-5393-4a21-a78d-2d8272476330;image-20260423-131535.png;https://mmsrx.atlassian.net/rest/api/3/attachment/content/152171,23/Apr/26 9:17 AM;712020:3db4fd6d-5393-4a21-a78d-2d8272476330;image-20260423-131630.png;https://mmsrx.atlassian.net/rest/api/3/attachment/content/152172,23/Apr/26 9:17 AM;712020:3db4fd6d-5393-4a21-a78d-2d8272476330;image-20260423-131707.png;https://mmsrx.atlassian.net/rest/api/3/attachment/content/152173,29/Apr/26 4:20 AM;712020:0e6b5cef-280d-41fa-b42f-a0bfc100925a;image-20260429-081641.png;https://mmsrx.atlassian.net/rest/api/3/attachment/content/153509,29/Apr/26 4:20 AM;712020:0e6b5cef-280d-41fa-b42f-a0bfc100925a;image-20260429-081822.png;https://mmsrx.atlassian.net/rest/api/3/attachment/content/153510,,,,,,,,,,,,,,,,,,,,,,,,,,,,,,,,,,,,,,,com.atlassian.servicedesk.plugins.approvals.internal.customfield.ApprovalsCFValue@6e1dcc16,,,,,,,,,,,,,,1,,,,{},,,,,,,,,,,,,,,,,,,,,,,,,,,,2|i041m3:,0.0,,,,,,Enter any SQL related to this task here.,,,,,TRX Sprint 227,,,,,,,,,,,,,21/Apr/26 12:00 AM,2.0,,,,,,,,,,,,,,,,,2026-04-20 13:07:35.668,10081_*:*_1_*:*_3653_*|*_10083_*:*_1_*:*_22343963_*|*_10075_*:*_1_*:*_772333873_*|*_10074_*:*_1_*:*_1021276444_*|*_10000_*:*_1_*:*_13501072_*|*_10077_*:*_1_*:*_87216696_*|*_10110_*:*_1_*:*_3221_*|*_10087_*:*_1_*:*_4795_*|*_10078_*:*_1_*:*_2457462_*|*_10089_*:*_1_*:*_0,"20/Apr/26 9:07 AM;712020:0e6b5cef-280d-41fa-b42f-a0bfc100925a;[~accountid:712020:d0e433d0-6ae0-48a4-8dfa-058f141f9d43] 
The change related to fixing the console error of this task is there in Angular upgrade Epic branch, This task is set to 3.4.2 fix version and angular upgrade epic is set to 3.5 fix version.
Should i apply that change in this branch or should i close this task? Please clarify…","23/Apr/26 6:08 AM;712020:3db4fd6d-5393-4a21-a78d-2d8272476330;[~accountid:712020:d0e433d0-6ae0-48a4-8dfa-058f141f9d43] [~accountid:712020:0e6b5cef-280d-41fa-b42f-a0bfc100925a] 

If buyer perform Search with below char, then some times results are not displaying.  
Please consider below as well: 
: % ?

Sensorcaine 0.5%-Epi 1:200,000

Dr. Fresh KoolFloss? Picks Waxed Mint 60 CT

Typeahead is not displayed for Gaba Capsu

!image-20260423-131535.png|width=968,alt=""image-20260423-131535.png""!



Dr. Fresh KoolFloss? Picks Waxed Mint 60 CT

!image-20260423-131630.png|width=968,alt=""image-20260423-131630.png""!

!image-20260423-131707.png|width=968,alt=""image-20260423-131707.png""!","24/Apr/26 9:31 AM;712020:0e6b5cef-280d-41fa-b42f-a0bfc100925a;Branch: *TRX-11482_Epic_for_version_upgrade*
Env: madhu2025

There are no code changes in this task.

searched with % in the search term and the results are appeared.
search-term: Dorzolamide Hydrochloride/Timolol Maleate 2%-0.5% Ophthalmic Solution

!image-20260429-081641.png|width=772,alt=""image-20260429-081641.png""!

No console error is thrown even when the search term consists of symbols like : , ? 

!image-20260429-081822.png|width=772,alt=""image-20260429-081822.png""!

Sometimes the results are not displayed for some special characters like : , ? 

As per discussion with [~accountid:712020:d0e433d0-6ae0-48a4-8dfa-058f141f9d43] , Need to create a separate bug for that.","29/Apr/26 9:57 AM;712020:6179edff-4ad9-4d94-bb3d-97dc682dfe18;*Pre Test:* Inprogress

*Branch: TRX-11482_Epic_for_version_upgrade*
*Env:* qa32025",,,,,,,,,,,Done,29/Apr/26 10:48 AM
Unable to save the Choose Reason for Unaccepted  on Confirm Orders Page,TRX-11576,132968,Bug,Done,TRX,PrimeRx MARKET,software,Jeff Davis,712020:d5794e34-9434-4617-80c7-3bdd8d1daf78,,Medium,Fixed,Tamminana Lakshmi,712020:a2d5e83c-fbf4-4fec-8c09-fc8cbe2e0db1,Nagarjuna Reddy,712020:3db4fd6d-5393-4a21-a78d-2d8272476330,Nagarjuna Reddy,712020:3db4fd6d-5393-4a21-a78d-2d8272476330,06/Apr/26 1:29 AM,30/Apr/26 9:37 AM,,29/Apr/26 10:27 AM,MKT-3.4.1.3,MKT-3.4.3,PrimeRx Market Website,,0,,,"Issue: Unable to save the Choose Reason for Unaccepted  on Confirm Orders Page

Environment: stage2025

Branch: release/Nova_3.4.1.2

Test data on stage2025: 

Buyer DEA: BI2228511

Supplier DEA: RD0277409

Order_id: 4002962

Transaction_id: 13681114  (Try to save the transaction “Unaccepted” with “Product Out of Stock” Reason)

Steps to Reproduce: 

# Login as Supplier with above test data
# Go to Confirm Orders Page
# Try to process the order / Transaction to Unaccepted Reason

Expected Result: Supplier should be able to process the order/ Transaction to any status.

Actual Result: Unable to save the Choose Reason for Unaccepted  on Confirm Orders Page



*Note*: So per unable to reproduce this issue on qa3 and stage, need to spend some more time and if needed I can reach to Dev to get some input.

!image-20260406-053601.png|width=1070,alt=""image-20260406-053601.png""!

Here is the video for clarification: 

!Masters unaccepted reason not sticking.mp4|width=1070,alt=""Masters unaccepted reason not sticking.mp4""!",,Nagarjuna Reddy,Ramalakshmi V,Tamminana Lakshmi,,,712020:3db4fd6d-5393-4a21-a78d-2d8272476330,712020:87914119-26d2-4a2c-be97-8681c0cefa89,712020:a2d5e83c-fbf4-4fec-8c09-fc8cbe2e0db1,,,,,,,,,,,,,,,,,TRX-11621,,,,06/Apr/26 1:38 AM;712020:3db4fd6d-5393-4a21-a78d-2d8272476330;Masters unaccepted reason not sticking.mp4;https://mmsrx.atlassian.net/rest/api/3/attachment/content/148614,06/Apr/26 1:38 AM;712020:3db4fd6d-5393-4a21-a78d-2d8272476330;image-20260406-053601.png;https://mmsrx.atlassian.net/rest/api/3/attachment/content/148613,14/Apr/26 8:33 AM;712020:a2d5e83c-fbf4-4fec-8c09-fc8cbe2e0db1;image-20260414-123130.png;https://mmsrx.atlassian.net/rest/api/3/attachment/content/150130,14/Apr/26 8:33 AM;712020:a2d5e83c-fbf4-4fec-8c09-fc8cbe2e0db1;image-20260414-123236.png;https://mmsrx.atlassian.net/rest/api/3/attachment/content/150128,14/Apr/26 8:33 AM;712020:a2d5e83c-fbf4-4fec-8c09-fc8cbe2e0db1;image-20260414-123335.png;https://mmsrx.atlassian.net/rest/api/3/attachment/content/150129,16/Apr/26 12:42 AM;712020:3db4fd6d-5393-4a21-a78d-2d8272476330;image-20260416-044111.png;https://mmsrx.atlassian.net/rest/api/3/attachment/content/150720,16/Apr/26 12:42 AM;712020:3db4fd6d-5393-4a21-a78d-2d8272476330;image-20260416-044231.png;https://mmsrx.atlassian.net/rest/api/3/attachment/content/150719,20/Apr/26 1:24 AM;712020:3db4fd6d-5393-4a21-a78d-2d8272476330;image-20260420-052439.png;https://mmsrx.atlassian.net/rest/api/3/attachment/content/151445,29/Apr/26 3:52 AM;712020:87914119-26d2-4a2c-be97-8681c0cefa89;image-20260429-075146.png;https://mmsrx.atlassian.net/rest/api/3/attachment/content/153501,29/Apr/26 3:52 AM;712020:87914119-26d2-4a2c-be97-8681c0cefa89;image-20260429-075219.png;https://mmsrx.atlassian.net/rest/api/3/attachment/content/153502,29/Apr/26 3:54 AM;712020:87914119-26d2-4a2c-be97-8681c0cefa89;image-20260429-075438.png;https://mmsrx.atlassian.net/rest/api/3/attachment/content/153503,,,,,,,,,,,,,,,,,,,,,,,,,,,,,,,,,,com.atlassian.servicedesk.plugins.approvals.internal.customfield.ApprovalsCFValue@2aad43b2,,,,,,,,,,,,,,1,,,,"{pullrequest={dataType=pullrequest, state=MERGED, stateCount=2}, json={""cachedValue"":{""errors"":[],""summary"":{""pullrequest"":{""overall"":{""count"":2,""lastUpdated"":""2026-04-29T09:05:58.000-0400"",""stateCount"":2,""state"":""MERGED"",""dataType"":""pullrequest"",""open"":false},""byInstanceType"":{""GitHub"":{""count"":2,""name"":""GitHub""}}}}},""isStale"":true}}",,,,,,,,,,,,,,,,,,,,,,,,,,,,2|i041m6:,0.0,,,,,,Enter any SQL related to this task here.,,,,,TRX Sprint 227,,,,,,,,,,,,,,2.0,,,,,,,,,,,,,,,,,2026-04-14 12:33:41.592,10081_*:*_3_*:*_13606_*|*_10083_*:*_3_*:*_77917191_*|*_10075_*:*_1_*:*_6050_*|*_10074_*:*_3_*:*_44605585_*|*_10000_*:*_1_*:*_115072338_*|*_10077_*:*_1_*:*_91630612_*|*_10110_*:*_3_*:*_731377792_*|*_10088_*:*_3_*:*_246819953_*|*_10087_*:*_3_*:*_83548179_*|*_10078_*:*_1_*:*_490482056_*|*_10089_*:*_3_*:*_133139272,"14/Apr/26 8:33 AM;712020:a2d5e83c-fbf4-4fec-8c09-fc8cbe2e0db1;Branch Name : feature/TRX-11576

Branch From : development

do unaccepted one transaction and give the reason it will save the reason value in db.

now go to the same transaction and change the unaccepted reason now it will save. previously  unaccepted  reason not saved.

!image-20260414-123130.png|width=841,alt=""image-20260414-123130.png""!

Now changing the reason

!image-20260414-123236.png|width=826,alt=""image-20260414-123236.png""!

!image-20260414-123335.png|width=826,alt=""image-20260414-123335.png""!","16/Apr/26 12:42 AM;712020:3db4fd6d-5393-4a21-a78d-2d8272476330;Pretest: Passed

Environment: QA32025

Branch: feature/TRX-11576

On development branch: 

!image-20260416-044111.png|width=996,alt=""image-20260416-044111.png""!

 On Bug fix branch: feature/TRX-11576

Able to save unaccepted reason

!image-20260416-044231.png|width=996,alt=""image-20260416-044231.png""!","20/Apr/26 12:19 AM;712020:3db4fd6d-5393-4a21-a78d-2d8272476330;Verify Test: Failed

Environment: QA32025

Branch: development

*Note*: I just tried to unaccepted a transaction and checked the transaction status but the reason is not saved.

!image-20260420-052439.png|width=968,alt=""image-20260420-052439.png""!",20/Apr/26 6:45 AM;712020:a2d5e83c-fbf4-4fec-8c09-fc8cbe2e0db1;issue occured when status changed from open to unaccpeted. then unaccpeted reason is not saved. now issue fixed.,"27/Apr/26 5:46 AM;712020:3db4fd6d-5393-4a21-a78d-2d8272476330;Pretest: Passed

Environment: QA32025

Branch: feature/TRX-11576","28/Apr/26 6:27 AM;712020:87914119-26d2-4a2c-be97-8681c0cefa89;Pretest:Pass

env:qa3

Branch: feature/TRX-11576

!image-20260429-075146.png|width=566,alt=""image-20260429-075146.png""!

!image-20260429-075219.png|width=566,alt=""image-20260429-075219.png""!

!image-20260429-075438.png|width=566,alt=""image-20260429-075438.png""!","29/Apr/26 10:27 AM;712020:87914119-26d2-4a2c-be97-8681c0cefa89;Verify test: Passed

Branch:3.4.3

Env:qa3",,,,,,,,Done,29/Apr/26 10:27 AM
Complete Supplier Modules Testing as part of Upgrading Angular from 20 to 21,TRX-11573,132820,Task,Done,TRX,PrimeRx MARKET,software,Jeff Davis,712020:d5794e34-9434-4617-80c7-3bdd8d1daf78,,Medium,Done,Radhika Kopparapu,712020:6179edff-4ad9-4d94-bb3d-97dc682dfe18,Nagarjuna Reddy,712020:3db4fd6d-5393-4a21-a78d-2d8272476330,Nagarjuna Reddy,712020:3db4fd6d-5393-4a21-a78d-2d8272476330,02/Apr/26 11:15 PM,24/Apr/26 9:34 AM,,23/Apr/26 8:47 AM,,MKT-3.5,PrimeRx Market Website,,0,,,"Angular 19 is currently in Long Term Support phase which is scheduled to end on May 2026. 

As part of [https://mmsrx.atlassian.net/browse/TRX-11469|https://mmsrx.atlassian.net/browse/TRX-11469|smart-link], we will upgrade Angular from 19 to 20.

[https://mmsrx.atlassian.net/browse/TRX-11473|https://mmsrx.atlassian.net/browse/TRX-11473|smart-link] we will upgrade Angular from 20 to 21

UAC

# After we upgrade from Angular 19 to 20, the next step will be upgrade to 21.

QA : Test complete website ( Nova pages & FE functionality) if any issues found list them all and we can create task for them.

*Branch*: [https://mmsrx.atlassian.net/browse/TRX-11473|https://mmsrx.atlassian.net/browse/TRX-11473|smart-link]

[+TRX-11482_Epic_for_version_upgrade+|https://github.com/mms-product/Marketplace-Core/tree/TRX-11482_Epic_for_version_upgrade]



*Supplier  Modules:*

Confirm Orders
Manage Account
FAQs

Manage Store

Authorized States
Main Settings
Store Pages
Shipping Settings
Add Products
Add Single Products
Active Products
Manage Buyer Info",,Nagarjuna Reddy,Radhika Kopparapu,,,,712020:3db4fd6d-5393-4a21-a78d-2d8272476330,712020:6179edff-4ad9-4d94-bb3d-97dc682dfe18,,,,,,,,,,,,,,TRX-11572,TRX-11473,TRX-11469,TRX-11567,TRX-11630,,,,,,,,,,,,,,,,,,,,,,,,,,,,,,,,,,,,,,,,,,,,,,,,com.atlassian.servicedesk.plugins.approvals.internal.customfield.ApprovalsCFValue@8998e70,,,,,,,,,,,,,,1,,,,{},,,,,,,,,,,,,,,,,,,,,,,,,,,,2|00nz00:ui01000063khzv0301i000004,0.0,,,,,,Enter any SQL related to this task here.,,,,,TRX Sprint 227,,,,,,,,,,,,,,5.0,,,,,,,,,,,,,,,,,2026-04-20 09:29:40.498,10081_*:*_1_*:*_2776_*|*_10083_*:*_1_*:*_3942_*|*_10075_*:*_1_*:*_3032_*|*_10086_*:*_1_*:*_0_*|*_10074_*:*_1_*:*_526454154_*|*_10109_*:*_1_*:*_7607_*|*_10000_*:*_1_*:*_382450271_*|*_10077_*:*_1_*:*_87573294_*|*_10110_*:*_1_*:*_4285_*|*_10088_*:*_1_*:*_173839_*|*_10078_*:*_1_*:*_765639921_*|*_10089_*:*_1_*:*_2537_*|*_10103_*:*_1_*:*_3907,"20/Apr/26 5:29 AM;712020:6179edff-4ad9-4d94-bb3d-97dc682dfe18;*Environment:* qa12025

*Branch:* [+TRX-11482_Epic_for_version_upgrade+|https://github.com/mms-product/Marketplace-Core/tree/TRX-11482_Epic_for_version_upgrade]

*Confirm Orders:*

# Successfully processed the order through the Cart.
# Verified the Search functionality.
# Validated all UI elements on the Confirm Orders page.
# Updated all statuses and verified the changes.

*Manage Account:*

# Verified all UI elements.
# Successfully saved the data after updating the field values.

*FAQS:*

Verified all UI Elments and Texts

*Observations:*

Few observations find on Manage Account,Authorized States,Main Settings,Manage Buyer Info Page,Store Pages,Add Products,Add Single Product and Active Products.

For Tracking raised below mentioned bug

[https://mmsrx.atlassian.net/browse/TRX-11630|https://mmsrx.atlassian.net/browse/TRX-11630|smart-link] ","23/Apr/26 9:18 AM;712020:6179edff-4ad9-4d94-bb3d-97dc682dfe18;As part of the Angular updates in the Verified Supplier module, a few observations were identified and logged under the below ticket:

[https://mmsrx.atlassian.net/browse/TRX-11630|https://mmsrx.atlassian.net/browse/TRX-11630|smart-link] 

The ticket was verified and closed, as it was categorized as a testing task rather than a code-related ticket",,,,,,,,,,124819,TRX-11482,"Upgrade Laminas, Angular to 20 and PHP to 8.4",Done,23/Apr/26 8:47 AM
Complete Buyer Modules Testing as part of Upgrading Angular from 20 to 21,TRX-11572,132819,Task,Business Acceptance,TRX,PrimeRx MARKET,software,Jeff Davis,712020:d5794e34-9434-4617-80c7-3bdd8d1daf78,,Medium,,Anil Nanepogu,712020:5adbcfc1-23d7-4875-957d-56b7cb394290,Nagarjuna Reddy,712020:3db4fd6d-5393-4a21-a78d-2d8272476330,Nagarjuna Reddy,712020:3db4fd6d-5393-4a21-a78d-2d8272476330,02/Apr/26 11:11 PM,29/Apr/26 9:32 AM,,,,MKT-3.5,PrimeRx Market Website,,0,,,"Angular 19 is currently in Long Term Support phase which is scheduled to end on May 2026. 

As part of [https://mmsrx.atlassian.net/browse/TRX-11469|https://mmsrx.atlassian.net/browse/TRX-11469|smart-link], we will upgrade Angular from 19 to 20.

[https://mmsrx.atlassian.net/browse/TRX-11473|https://mmsrx.atlassian.net/browse/TRX-11473|smart-link] we will upgrade Angular from 20 to 21

UAC

# After we upgrade from Angular 19 to 20, the next step will be upgrade to 21.

QA : Test complete website ( Nova pages & FE functionality) if any issues found list them all and we can create task for them.

*Branch*: [+TRX-11482_Epic_for_version_upgrade+|https://github.com/mms-product/Marketplace-Core/tree/TRX-11482_Epic_for_version_upgrade]



*Pharmacy Modules:* 

Login Modals
Dashboard
Dynamic Categories Tabs
Top Trending Tabs

All Landing Pages
Today's Deals
Trending
Short Dates
Brands
Favorites
Categories
Controls
OTC
Diabetic Supplies
Drug Shortages
Auto Reshop

Supplier Info
supplierMinimums
Manage Suppliers

Manage Account

Manage Purchases
Thank You Page

View Cart

Cart
Cart Pop-up, Modals
Cart (SON --> Supplier Order Notices)

Search
Main Search
Inline Search 

Payment Portal
Payments FAQs

Onboarding Tour

Emails
Banner Ads
TERMS & CONDITIONS and PRIVACY POLICY",,Anil Nanepogu,Nagarjuna Reddy,,,,712020:5adbcfc1-23d7-4875-957d-56b7cb394290,712020:3db4fd6d-5393-4a21-a78d-2d8272476330,,,,,,,,,,,,,,TRX-11473,TRX-11469,TRX-11567,TRX-11634,TRX-11573,,,,,,,,,,,,,,,,,,,,,,,,,,,,,,,,,,,,,,,,,,,,,,,,com.atlassian.servicedesk.plugins.approvals.internal.customfield.ApprovalsCFValue@59839b5,,,,,,,,,,,,,,1,,,,{},,,,,,,,,,,,,,,,,,,,,,,,,,,,2|00nz00:ui01000063khzv0301i00000i,0.0,,,,,,Enter any SQL related to this task here.,,,,,TRX Sprint 227,,,,,,,,,,,,,,8.0,,,,,,,,,,,,,,,,,2026-04-17 12:35:56.933,,17/Apr/26 8:35 AM;712020:5adbcfc1-23d7-4875-957d-56b7cb394290;[~accountid:712020:53d44bee-0a51-4c24-9855-77757f09232f] Please provide the commands to load angular branch [+TRX-11482_Epic_for_version_upgrade+|https://github.com/mms-product/Marketplace-Core/tree/TRX-11482_Epic_for_version_upgrade] to Test the ticket,"27/Apr/26 3:23 AM;712020:5adbcfc1-23d7-4875-957d-56b7cb394290;Observations are identified and logged a bug for the angular updated in the buyer module :

 [https://mmsrx.atlassian.net/browse/TRX-11634|https://mmsrx.atlassian.net/browse/TRX-11634|smart-link] 

This ticket is tested and closed, as it was categorized as a testing task rather than a code-related ticket",,,,,,,,,,124819,TRX-11482,"Upgrade Laminas, Angular to 20 and PHP to 8.4",Done,27/Apr/26 3:28 AM
"Success message ""Upload Complete"" shown incorrectly after document deletion",TRX-11571,132737,Bug,Done,TRX,PrimeRx MARKET,software,Jeff Davis,712020:d5794e34-9434-4617-80c7-3bdd8d1daf78,,Medium,Fixed,Madhu Nodagala,712020:0e6b5cef-280d-41fa-b42f-a0bfc100925a,Radhika Kopparapu,712020:6179edff-4ad9-4d94-bb3d-97dc682dfe18,Radhika Kopparapu,712020:6179edff-4ad9-4d94-bb3d-97dc682dfe18,02/Apr/26 12:16 PM,29/Apr/26 9:35 AM,,27/Apr/26 11:37 PM,,MKT-3.4.3,PrimeRx Market Website,,0,,,"*Issue:* ""Upload Complete"" message is displayed after deleting documents in the Documents section under Main Settings for Supplier.

*Environment:*
QA32025

*Branch:*
development

*Steps to Reproduce:*

# Login as a Supplier
# Navigate to the *Manage Account* page
# Upload a document under the *Documents* section using the Upload button
# Verify the success message *""Upload Complete""* is displayed
# Delete the uploaded document
# Observe the behavior

*Actual Result:*
The success message *""Upload Complete""* is displayed even after deleting the document.

*Expected Result:*
The success message *""Upload Complete""* should not be displayed after deleting the document.

*Screenshot for reference:*

Verify that the message “*Upload Complete*” is displayed after uploading the document.

!image-20260402-162954.png|width=573,alt=""image-20260402-162954.png""!

Verify that the message “*Upload Complete*” appears after deleting the document.

!image-20260402-162810.png|width=573,alt=""image-20260402-162810.png""!

*Error log for reference:*

!image-20260402-163245.png|width=573,alt=""image-20260402-163245.png""!",,Madhu Nodagala,Radhika Kopparapu,,,,712020:0e6b5cef-280d-41fa-b42f-a0bfc100925a,712020:6179edff-4ad9-4d94-bb3d-97dc682dfe18,,,,,,,,,,,,,,,,,,,,,,27/Apr/26 4:54 AM;712020:6179edff-4ad9-4d94-bb3d-97dc682dfe18;DeletemessageVerification.png;https://mmsrx.atlassian.net/rest/api/3/attachment/content/152863,27/Apr/26 4:54 AM;712020:6179edff-4ad9-4d94-bb3d-97dc682dfe18;UploadCompleteVerification.png;https://mmsrx.atlassian.net/rest/api/3/attachment/content/152864,02/Apr/26 12:36 PM;712020:6179edff-4ad9-4d94-bb3d-97dc682dfe18;image-20260402-162810.png;https://mmsrx.atlassian.net/rest/api/3/attachment/content/148368,02/Apr/26 12:36 PM;712020:6179edff-4ad9-4d94-bb3d-97dc682dfe18;image-20260402-162954.png;https://mmsrx.atlassian.net/rest/api/3/attachment/content/148369,02/Apr/26 12:36 PM;712020:6179edff-4ad9-4d94-bb3d-97dc682dfe18;image-20260402-163245.png;https://mmsrx.atlassian.net/rest/api/3/attachment/content/148367,15/Apr/26 5:55 AM;712020:0e6b5cef-280d-41fa-b42f-a0bfc100925a;image-20260415-095450.png;https://mmsrx.atlassian.net/rest/api/3/attachment/content/150407,15/Apr/26 5:55 AM;712020:0e6b5cef-280d-41fa-b42f-a0bfc100925a;image-20260415-095536.png;https://mmsrx.atlassian.net/rest/api/3/attachment/content/150406,15/Apr/26 5:55 AM;712020:0e6b5cef-280d-41fa-b42f-a0bfc100925a;image-20260415-095550.png;https://mmsrx.atlassian.net/rest/api/3/attachment/content/150405,27/Apr/26 11:37 PM;712020:6179edff-4ad9-4d94-bb3d-97dc682dfe18;image-20260428-033534.png;https://mmsrx.atlassian.net/rest/api/3/attachment/content/153078,27/Apr/26 11:37 PM;712020:6179edff-4ad9-4d94-bb3d-97dc682dfe18;image-20260428-033631.png;https://mmsrx.atlassian.net/rest/api/3/attachment/content/153077,,,,,,,,,,,,,,,,,,,,,,,,,,,,,,,,,,,com.atlassian.servicedesk.plugins.approvals.internal.customfield.ApprovalsCFValue@4824e3e6,,,,,,,,,,,,,,1,,,,"{pullrequest={dataType=pullrequest, state=MERGED, stateCount=1}, json={""cachedValue"":{""errors"":[],""summary"":{""pullrequest"":{""overall"":{""count"":1,""lastUpdated"":""2026-04-27T10:24:19.000-0400"",""stateCount"":1,""state"":""MERGED"",""dataType"":""pullrequest"",""open"":false},""byInstanceType"":{""GitHub"":{""count"":1,""name"":""GitHub""}}}}},""isStale"":true}}",,,,,,,,,,,,,,,,,,,,,,,,,,,,2|00nz00:ui01000063khzv0301i000003r,0.0,,,,,,Enter any SQL related to this task here.,,,,,TRX Sprint 227,,,,,,,,,,,,,16/Apr/26 12:00 AM,1.0,,,,,,,,,,,,,,,,,2026-04-15 09:55:58.047,10081_*:*_3_*:*_14584_*|*_10083_*:*_1_*:*_56354316_*|*_10075_*:*_1_*:*_14133_*|*_10074_*:*_3_*:*_100712072_*|*_10000_*:*_1_*:*_84287938_*|*_10077_*:*_1_*:*_429853836_*|*_10110_*:*_3_*:*_958089809_*|*_10088_*:*_1_*:*_0_*|*_10087_*:*_1_*:*_1735821_*|*_10078_*:*_1_*:*_502414060_*|*_10089_*:*_1_*:*_19808133,"15/Apr/26 5:55 AM;712020:0e6b5cef-280d-41fa-b42f-a0bfc100925a;Branch: TRX-11571-D

Env: madhu2025

QA note: QA should also test the Manage Account Page, Authorised States Page and License Verification page and any other pages where documents are uploaded and have deletion access.

The Upload Complete success message is now not displayed when the document is deleted.

!image-20260415-095450.png|width=804,alt=""image-20260415-095450.png""!

Deleting the Credit card authorization form and the message is also disappeared.

!image-20260415-095536.png|width=784,alt=""image-20260415-095536.png""!

!image-20260415-095550.png|width=784,alt=""image-20260415-095550.png""!","27/Apr/26 4:28 AM;712020:6179edff-4ad9-4d94-bb3d-97dc682dfe18;*Pre Test:* Passed

*Branch:* TRX-11571-D

*Env:* qa12025

*Steps to Reproduce:*

# Login as a Supplier
# Navigate to the *Manage Account* page

Uploaded the documents under Document section in Main settings. and verify that the message “*Upload Complete*” is displayed after uploading the document. - Attached *UploadCompleteVerification* screenshot.

After deleting the document, Verified the message “*Upload Complete*” disappears after deleting the document.

Working as expected. -Attached *DeletemessageVerification  for reference.*","27/Apr/26 11:26 PM;712020:6179edff-4ad9-4d94-bb3d-97dc682dfe18;*Verify Test:* Passed

*Branch:* development

*Env:* qa12025

*Steps to Reproduce:*

# Login as a Supplier
# Navigate to the *Manage Account* page

Uploaded the documents under Document section in Main settings. and verify that the message “*Upload Complete*” is displayed after uploading the document.

!image-20260428-033534.png|width=561,alt=""image-20260428-033534.png""!

After deleting the document, Verified the message “*Upload Complete*” disappears after deleting the document.

Working as expected

!image-20260428-033631.png|width=561,alt=""image-20260428-033631.png""!",,,,,,,,,,,,Done,27/Apr/26 11:37 PM
Registration Modules Testing as part of Upgrading Angular from 20 to 21,TRX-11567,132702,Task,Business Acceptance,TRX,PrimeRx MARKET,software,Jeff Davis,712020:d5794e34-9434-4617-80c7-3bdd8d1daf78,,Medium,,Ramalakshmi V,712020:87914119-26d2-4a2c-be97-8681c0cefa89,Nagarjuna Reddy,712020:3db4fd6d-5393-4a21-a78d-2d8272476330,Nagarjuna Reddy,712020:3db4fd6d-5393-4a21-a78d-2d8272476330,02/Apr/26 8:04 AM,29/Apr/26 9:35 AM,,,,MKT-3.5,PrimeRx Market Website,,0,,,"Angular 19 is currently in Long Term Support phase which is scheduled to end on May 2026. 

As part of [https://mmsrx.atlassian.net/browse/TRX-11469|https://mmsrx.atlassian.net/browse/TRX-11469|smart-link], we will upgrade Angular from 19 to 20.

[https://mmsrx.atlassian.net/browse/TRX-11473|https://mmsrx.atlassian.net/browse/TRX-11473|smart-link] we will upgrade Angular from 20 to 21

UAC

# After we upgrade from Angular 19 to 20, the next step will be upgrade to 21.

QA : Test complete website ( Nova pages & FE functionality) if any issues found list them all and we can create task for them.

*Branch*: [https://mmsrx.atlassian.net/browse/TRX-11473|https://mmsrx.atlassian.net/browse/TRX-11473|smart-link]

[+TRX-11482_Epic_for_version_upgrade+|https://github.com/mms-product/Marketplace-Core/tree/TRX-11482_Epic_for_version_upgrade]



*Registration Modules:* 


Base URL of PrimeRx
Registration (Buyer, Medical Facility,Supplier)
Initla Registration
Confirm Your Email Address
Buyer Information (storeInfo)
Questionnaire
E-Sign
Payment
License Verification
Account Approved
Modified Initla Registration
Reset for Esign (Admin)",,Nagarjuna Reddy,Ramalakshmi V,,,,712020:3db4fd6d-5393-4a21-a78d-2d8272476330,712020:87914119-26d2-4a2c-be97-8681c0cefa89,,,,,,,,,,,,,,TRX-11473,TRX-11636,,,TRX-11572,TRX-11573,,,,,,,,,,,,,,,,,,,,,,,,,,,,,,,,,,,,,,,,,,,,,,,com.atlassian.servicedesk.plugins.approvals.internal.customfield.ApprovalsCFValue@1b92d3cd,,,,,,,,,,,,,,1,,,,"{branch={count=1, dataType=branch}, json={""cachedValue"":{""errors"":[],""summary"":{""branch"":{""overall"":{""count"":1,""lastUpdated"":""2026-04-08T02:51:52.000-0400"",""dataType"":""branch""},""byInstanceType"":{""GitHub"":{""count"":1,""name"":""GitHub""}}}}},""isStale"":true}}",,,,,,,,,,,,,,,,,,,,,,,,,,,,2|00nz00:ui01000063khzv0301i00001,0.0,,,,,,Enter any SQL related to this task here.,,,,,TRX Sprint 227,,,,,,,,,,,,,,3.0,,,,,,,,,,,,,,,,,2026-04-28 08:43:44.07,,"28/Apr/26 4:43 AM;712020:87914119-26d2-4a2c-be97-8681c0cefa89;Note:

Registration (Buyer, Medical Facility,Supplier)
Initla Registration
Confirm Your Email Address

these are not covered as intial reg page is not loading created bug for this",,,,,,,,,,,124819,TRX-11482,"Upgrade Laminas, Angular to 20 and PHP to 8.4",Done,28/Apr/26 4:42 AM
Need to update text on the site to display as Redsail RxMarket where applicable,TRX-11566,132571,Task,Business Acceptance,TRX,PrimeRx MARKET,software,Jeff Davis,712020:d5794e34-9434-4617-80c7-3bdd8d1daf78,,Medium,,Prasad Kanneti,712020:53d44bee-0a51-4c24-9855-77757f09232f,Kelsey Wesley,712020:b9fe53c8-6f3f-4a69-894e-40bc65cb89a5,Kelsey Wesley,712020:b9fe53c8-6f3f-4a69-894e-40bc65cb89a5,02/Apr/26 12:00 AM,05/May/26 12:26 AM,14/Apr/26 9:05 AM,,,MKT-3.4.2,PrimeRx Market Website,,0,,,"Need to update the text on the site, anywhere it says PrimeRx Market, it should now say Redsail RxMarket

UAC

# On Manage Account page change text below the Max Optimum header
## *from* - Complete the Primary Pricing Import Settings form below and we’ll submit a request to your Primary on your behalf to have your specific Catalog and Pricing with your Primary added to your PrimeRx MARKET account so you can compare all your pricing on this one platform.
To Submit Request: Choose your Primary Supplier below, enter your Account number and Save. Once the request is Submitted your Primary Supplier will confirm with you that you want to electronically send your Catalog to PrimeRx MARKET, make sure you confirm the request so it can be approved. Once approved the Import can begin.
Note: You can also place orders on PrimeRx MARKET directly with your Primary. Just place the order and we’ll send your Primary the order electronically.
## *to* - Complete the Primary Pricing Import Settings form below and we’ll submit a request to your Primary on your behalf to have your specific Catalog and Pricing with your Primary added to your Redsail RxMarket account so you can compare all your pricing on this one platform.
*To Submit Request:* Choose your Primary Supplier below, enter your Account number and Save. Once the request is Submitted your Primary Supplier will confirm with you that you want to electronically send your Catalog to Redsail RxMarket, make sure you confirm the request so it can be approved. Once approved the Import can begin.
*Note:* You can also place orders on Redsail RxMarket directly with your Primary. Just place the order and we’ll send your Primary the order electronically.
# On Today’s Deals page change text at the top
## *from* Shop today's best deals on PrimeRx MARKET
## *to* Shop today’s best deals on Redsail RxMarket
# On Payments FAQs page change header and subheader text
## header from PrimeRx MARKET FAQs
## header to Redsail RxMarket FAQs
## subheader from Making Payments on PrimeRx MARKET
## subheader to Making Payments on Redsail RxMarket
# On Onboarding Tour change welcome header to *Welcome to Redsail RxMarket*
# On User Login page change Text above the 'REGISTER FOR A NEW ACCOUNT' button
## from *New to PrimeRx MARKET?* 
## to *New to Redsail RxMarket?*
# On User login page under *REGISTER FOR A NEW ACCOUNT button* change text
## *from* Copyright ©2026 PrimeRx MARKET All Rights Reserved. Use of this Web site constitutes acceptance of the PrimeRx MARKET TERMS & CONDITIONS and PRIVACY POLICY
## *to* Copyright ©2026 Redsail RxMarket All Rights Reserved. Use of this Web site constitutes acceptance of the Redsail RxMarket TERMS & CONDITIONS and PRIVACY POLICY
# On Forgot Password page under box change text
## *from* Copyright ©2026 PrimeRx MARKET All Rights Reserved. Use of this website constitutes acceptance of the PrimeRx MARKET TERMS CONDITIONS and PRIVACY POLICY
## *to* Copyright ©2026 Redsail RxMarket All Rights Reserved. Use of this website constitutes acceptance of the Redsail RxMarket TERMS CONDITIONS and PRIVACY POLICY
# On Admin Login page under box change text
## *from* Copyright ©2026 PrimeRx MARKET , Inc.
## *to* Copyright ©2026 Redsail RxMarket
# On Pop-Up message for Annual Universal App Reset change Header text 
## *from* MESSAGE FROM PRIMERX MARKET 
## *to* MESSAGE FROM REDSAIL RXMARKET
# On Main Multi Search page change text under *Extra* 
## *from* PrimeRx MARKET has PAC
## *to* Redsail RxMarket has PAC
# On FaxOptIn popup modal, we are displaying PrimeRx Market in popup in below places, replace with *Redsail RxMarket*
Don't miss out on the best deals on Redsail RxMarket. Be an informed buyer! We routinely send notifications, such as price lists, special offers, and other advertisements to our network pharmacies as a service to the pharmacies by providing your facsimile number, you are requesting and agree to receive these advertisements from Redsail RxMarket via facsimile.
# In Manage Buyer Info, when Supplier given Buyer DEA and if Buyer is Suspended then we are displaying the following text. User Account is currently Suspended on PrimeRx Market, please contact Customer Service regarding this account. *Change PrimeRx Market* to *Redsail RxMarket* in message.
# On Manage Suppliers Marketing Opt-Out All button confirmation modal popup change text 
## *from* By confirming Opt-Out you agree to share your contact details with *PrimeRx MARKET's* sources to opt-out of marketing efforts. Contact details that will be shared: Pharmacy Name, DEA, Email, Phone, and Fax. This is not reversable and a source may make a contact attempt regarding an active order issue.
## *to* By confirming Opt-Out you agree to share your contact details with *Redsail RxMarkets'* suppliers to opt-out of marketing efforts. Contact details that will be shared: Pharmacy Name, DEA, Email, Phone, and Fax. This is not reversable and a source may make a contact attempt regarding an active order issue.
# On Supplier Ordering & Shipping Info page PEDIGREE INFORMATION default pop-up change text 
## *from* To obtain Pedigree, go to Manage Purchases and click ""Request"" found in the details of your order under Pedigree. Your request will be emailed to the supplier for processing. For assistance contact *PrimeRx MARKET* Support at 1(800) 805-8705. 
## *to* To obtain Pedigree, go to Manage Purchases and click ""Request"" found in the details of your order under Pedigree. Your request will be emailed to the supplier for processing. For assistance contact *Redsail RxMarket* Support at 1(800) 805-8705. 
# In Search Pop-ups we need to replace *PrimeRx Market* with *Redsail RxMarket*.
## 100 searches & 300 searches notice pop-up
# Change From name in emails as part of this task.
# update if i found any in code level related to email templates



Max Optimum Text

!image-20260403-041105.png|width=894,alt=""image-20260403-041105.png""!

Payment FAQ’s header and subheader

!image-20260403-042048.png|width=893,alt=""image-20260403-042048.png""!",,Kelsey Wesley,Nagarjuna Reddy,Prasad Kanneti,,,712020:b9fe53c8-6f3f-4a69-894e-40bc65cb89a5,712020:3db4fd6d-5393-4a21-a78d-2d8272476330,712020:53d44bee-0a51-4c24-9855-77757f09232f,,,,,,,,,,,,,,,,,TRX-11639,TRX-11654,TRX-11656,,03/Apr/26 12:11 AM;712020:b9fe53c8-6f3f-4a69-894e-40bc65cb89a5;image-20260403-041105.png;https://mmsrx.atlassian.net/rest/api/3/attachment/content/148447,03/Apr/26 12:20 AM;712020:b9fe53c8-6f3f-4a69-894e-40bc65cb89a5;image-20260403-042048.png;https://mmsrx.atlassian.net/rest/api/3/attachment/content/148448,09/Apr/26 5:14 AM;712020:3db4fd6d-5393-4a21-a78d-2d8272476330;image-20260409-091422.png;https://mmsrx.atlassian.net/rest/api/3/attachment/content/149275,09/Apr/26 5:21 AM;712020:3db4fd6d-5393-4a21-a78d-2d8272476330;image-20260409-092051.png;https://mmsrx.atlassian.net/rest/api/3/attachment/content/149276,09/Apr/26 5:21 AM;712020:3db4fd6d-5393-4a21-a78d-2d8272476330;image-20260409-092138.png;https://mmsrx.atlassian.net/rest/api/3/attachment/content/149277,09/Apr/26 5:22 AM;712020:3db4fd6d-5393-4a21-a78d-2d8272476330;image-20260409-092215.png;https://mmsrx.atlassian.net/rest/api/3/attachment/content/149278,09/Apr/26 5:26 AM;712020:3db4fd6d-5393-4a21-a78d-2d8272476330;image-20260409-092632.png;https://mmsrx.atlassian.net/rest/api/3/attachment/content/149283,09/Apr/26 5:39 AM;712020:3db4fd6d-5393-4a21-a78d-2d8272476330;image-20260409-093801.png;https://mmsrx.atlassian.net/rest/api/3/attachment/content/149284,09/Apr/26 5:42 AM;712020:3db4fd6d-5393-4a21-a78d-2d8272476330;image-20260409-094155.png;https://mmsrx.atlassian.net/rest/api/3/attachment/content/149285,09/Apr/26 5:53 AM;712020:3db4fd6d-5393-4a21-a78d-2d8272476330;image-20260409-095251.png;https://mmsrx.atlassian.net/rest/api/3/attachment/content/149290,09/Apr/26 6:03 AM;712020:3db4fd6d-5393-4a21-a78d-2d8272476330;image-20260409-100330.png;https://mmsrx.atlassian.net/rest/api/3/attachment/content/149291,09/Apr/26 6:08 AM;712020:3db4fd6d-5393-4a21-a78d-2d8272476330;image-20260409-100801.png;https://mmsrx.atlassian.net/rest/api/3/attachment/content/149292,09/Apr/26 6:19 AM;712020:3db4fd6d-5393-4a21-a78d-2d8272476330;image-20260409-101923.png;https://mmsrx.atlassian.net/rest/api/3/attachment/content/149293,09/Apr/26 6:36 AM;712020:3db4fd6d-5393-4a21-a78d-2d8272476330;image-20260409-103624.png;https://mmsrx.atlassian.net/rest/api/3/attachment/content/149294,09/Apr/26 6:38 AM;712020:3db4fd6d-5393-4a21-a78d-2d8272476330;image-20260409-103805.png;https://mmsrx.atlassian.net/rest/api/3/attachment/content/149295,09/Apr/26 6:46 AM;712020:3db4fd6d-5393-4a21-a78d-2d8272476330;image-20260409-104612.png;https://mmsrx.atlassian.net/rest/api/3/attachment/content/149296,09/Apr/26 9:08 AM;712020:3db4fd6d-5393-4a21-a78d-2d8272476330;image-20260409-130748.png;https://mmsrx.atlassian.net/rest/api/3/attachment/content/149338,09/Apr/26 9:13 AM;712020:3db4fd6d-5393-4a21-a78d-2d8272476330;image-20260409-131250.png;https://mmsrx.atlassian.net/rest/api/3/attachment/content/149339,16/Apr/26 6:09 AM;712020:3db4fd6d-5393-4a21-a78d-2d8272476330;image-20260416-100652.png;https://mmsrx.atlassian.net/rest/api/3/attachment/content/150745,16/Apr/26 6:09 AM;712020:3db4fd6d-5393-4a21-a78d-2d8272476330;image-20260416-100906.png;https://mmsrx.atlassian.net/rest/api/3/attachment/content/150746,16/Apr/26 6:27 AM;712020:3db4fd6d-5393-4a21-a78d-2d8272476330;image-20260416-102655.png;https://mmsrx.atlassian.net/rest/api/3/attachment/content/150748,16/Apr/26 7:56 AM;712020:3db4fd6d-5393-4a21-a78d-2d8272476330;image-20260416-115554.png;https://mmsrx.atlassian.net/rest/api/3/attachment/content/150762,,,,,,,,,,,,,,,,,,,,,,,com.atlassian.servicedesk.plugins.approvals.internal.customfield.ApprovalsCFValue@3d1d2fc,,,,,,,,,,,,,,1,,,,"{pullrequest={dataType=pullrequest, state=MERGED, stateCount=1}, json={""cachedValue"":{""errors"":[],""summary"":{""pullrequest"":{""overall"":{""count"":1,""lastUpdated"":""2026-04-15T07:06:17.000-0400"",""stateCount"":1,""state"":""MERGED"",""dataType"":""pullrequest"",""open"":false},""byInstanceType"":{""GitHub"":{""count"":1,""name"":""GitHub""}}}}},""isStale"":true}}",,,,,,,,,,,,,,,,,,,,,,,,,,,,2|i03zjb:,0.0,,,,,,Enter any SQL related to this task here.,,,,,TRX Sprint 226,TRX Sprint 227,,,,,,,,,,,,,5.0,,,,,,,,,,,,,,,,,2026-04-06 09:26:26.919,,"06/Apr/26 5:26 AM;712020:53d44bee-0a51-4c24-9855-77757f09232f;Regarding UAC 2, 5, 7, 8, 13 . we are using sitename values from database so if we change value in sitename ( column name) in [{color:#ffffff}rxPb_gen_setts{color}|http://10.11.0.4/phpmyadmin/index.php?route=/sql&db=test_qa3&table=rxPb_gen_setts] table.

16 ( suppliers minimums) also changed.


[~accountid:712020:b9fe53c8-6f3f-4a69-894e-40bc65cb89a5]  can we change below also?


-> By clicking “I agree” you confirm that you have reviewed and agree to the PrimeRx MARKET Terms of Use and Privacy Policy.

→ PrimeRx MARKET Consent

→ can we change From name in emails ?

→ in UnAccept Reason email to Buyer, there is some text in that also can we change?

","06/Apr/26 9:11 AM;712020:b9fe53c8-6f3f-4a69-894e-40bc65cb89a5;[~accountid:712020:53d44bee-0a51-4c24-9855-77757f09232f] Ok as long as it all gets updated to Redsail Market that’s good. 

-> By clicking “I agree” you confirm that you have reviewed and agree to the PrimeRx MARKET Terms of Use and Privacy Policy. {color:#bf2600}*This is being updated in TRX-11563*{color}

→ PrimeRx MARKET Consent {color:#bf2600}*This is being updated in TRX-11563*{color}

→ can we change From name in emails ? {color:#ff5630}*yes we should change the FROM name to Redsail RxMarket, do we need a separate task for that?*{color}

→ in UnAccept Reason email to Buyer, there is some text in that also can we change? {color:#bf2600}*I will be updating the text in the system emails that I have access to, no dev work needed for that. If there are any email that are not system email templates (meaning I don’t have the access to change), yes we should change any PrimeRx MARKET text to Redsail RxMarket*{color}","07/Apr/26 4:04 AM;712020:53d44bee-0a51-4c24-9855-77757f09232f;[~accountid:712020:b9fe53c8-6f3f-4a69-894e-40bc65cb89a5] 
I will change From name in emails as part of this task.
I will update if i found any in code level related to email templates.","09/Apr/26 4:05 AM;712020:3db4fd6d-5393-4a21-a78d-2d8272476330;Pretest: Passed

Environment: QA32025

Branch: TRX-11566-R

Checked for Buyer , Supplier and Preview Buyers also. 

As per UAC 1: 

!image-20260409-130748.png|width=968,alt=""image-20260409-130748.png""!



As per UAC 4: Passed
On Onboarding Tour change welcome header to Welcome to Redsail RxMarket

!image-20260409-092632.png|width=968,alt=""image-20260409-092632.png""!



As per UAC 5: Passed

On User Login page change Text above the 'REGISTER FOR A NEW ACCOUNT' button

   from New to PrimeRx MARKET? 

   to New to Redsail RxMarket?

As per UAC 6:  Passed

On User login page under REGISTER FOR A NEW ACCOUNT button change text

{noformat}from Copyright ©2026 PrimeRx MARKET All Rights Reserved. Use of this Web site constitutes acceptance of the PrimeRx MARKET TERMS & CONDITIONS and PRIVACY POLICY

to Copyright ©2026 Redsail RxMarket All Rights Reserved. Use of this Web site constitutes acceptance of the Redsail RxMarket TERMS & CONDITIONS and PRIVACY POLICY{noformat}

!image-20260409-093801.png|width=968,alt=""image-20260409-093801.png""!

As per UAC 7:  Passed

On Forgot Password page under box change text

{noformat}from Copyright ©2026 PrimeRx MARKET All Rights Reserved. Use of this website constitutes acceptance of the PrimeRx MARKET TERMS CONDITIONS and PRIVACY POLICY

to Copyright ©2026 Redsail RxMarket All Rights Reserved. Use of this website constitutes acceptance of the Redsail RxMarket TERMS CONDITIONS and PRIVACY POLICY{noformat}



!image-20260409-094155.png|width=968,alt=""image-20260409-094155.png""!



As per UAC 9: 

On Pop-Up message for Annual Universal App Reset change Header text : ==> Passed

!image-20260409-091422.png|width=968,alt=""image-20260409-091422.png""!

!image-20260409-092051.png|width=968,alt=""image-20260409-092051.png""!

!image-20260409-092138.png|width=968,alt=""image-20260409-092138.png""!

!image-20260409-092215.png|width=968,alt=""image-20260409-092215.png""!



As per UAC 10: Passed

On Main Multi Search page change text under Extra 

{noformat}from PrimeRx MARKET has PAC

to Redsail RxMarket has PAC{noformat}

!image-20260409-095251.png|width=968,alt=""image-20260409-095251.png""!

As per UAC 12: Passed

In Manage Buyer Info, when Supplier given Buyer DEA and if Buyer is Suspended then we are displaying the following text.
User Account is currently Suspended on PrimeRx Market, please contact Customer Service regarding this account. Change PrimeRx Market to Redsail RxMarket in message.

!image-20260409-100330.png|width=968,alt=""image-20260409-100330.png""!

As per UAC 13: Passed

On Manage Suppliers Marketing Opt-Out All button confirmation modal popup change text 

{noformat}from By confirming Opt-Out you agree to share your contact details with PrimeRx MARKET's sources to opt-out of marketing efforts. 
Contact details that will be shared: Pharmacy Name, DEA, Email, Phone, and Fax. This is not reversable and a source may make a contact attempt regarding an active order issue.

to By confirming Opt-Out you agree to share your contact details with Redsail RxMarkets' suppliers to opt-out of marketing efforts. 
Contact details that will be shared: Pharmacy Name, DEA, Email, Phone, and Fax. This is not reversable and a source may make a contact attempt regarding an active order issue.{noformat}



!image-20260409-100801.png|width=968,alt=""image-20260409-100801.png""!

As per UAC 14: Passed

On Supplier Ordering & Shipping Info page PEDIGREE INFORMATION default pop-up change text 

{noformat}from 
To obtain Pedigree, go to Manage Purchases and click ""Request"" found in the details of your order under Pedigree. 
Your request will be emailed to the supplier for processing. For assistance contact PrimeRx MARKET Support at 1(800) 805-8705. 

to 
To obtain Pedigree, go to Manage Purchases and click ""Request"" found in the details of your order under Pedigree. 
Your request will be emailed to the supplier for processing. For assistance contact Redsail RxMarket Support at 1(800) 805-8705. {noformat}

!image-20260409-101923.png|width=968,alt=""image-20260409-101923.png""!

As per UAC 15: Passed



In Search Pop-ups we need to replace PrimeRx Market with Redsail RxMarket.

{noformat}100 searches & 300 searches notice pop-up	{noformat}

!image-20260409-103624.png|width=968,alt=""image-20260409-103624.png""!

!image-20260409-103805.png|width=968,alt=""image-20260409-103805.png""!

As per UAC 16: Passed

Change From name in emails as part of this task.

!image-20260409-104612.png|width=968,alt=""image-20260409-104612.png""!

For Preview Buyers: 

!image-20260409-131250.png|width=968,alt=""image-20260409-131250.png""!","16/Apr/26 4:57 AM;712020:3db4fd6d-5393-4a21-a78d-2d8272476330;Verify Test: Passed

Environment: QA32025

Branch: release/Nova_3.4.2

Checked for Buyers , Supplier and Preview Buyers also.

!image-20260416-100906.png|width=968,alt=""image-20260416-100906.png""!



!image-20260416-100652.png|width=968,alt=""image-20260416-100652.png""!

!image-20260416-102655.png|width=968,alt=""image-20260416-102655.png""!

Registration : 

!image-20260416-115554.png|width=968,alt=""image-20260416-115554.png""!","04/May/26 12:16 AM;712020:3db4fd6d-5393-4a21-a78d-2d8272476330;Verify Test: In Progress as part of Regression 3.4.2

Environment: stage2025

Branch: release/Nova_3.4.2",,,,,,132567,TRX-11562,Phase 1 - Change PrimeRx Market to Redsail RxMarket,Done,16/Apr/26 8:58 AM
Replace PrimeRx Market Logo with Redsail RxMarket Logo,TRX-11564,132569,Story,Business Acceptance,TRX,PrimeRx MARKET,software,Jeff Davis,712020:d5794e34-9434-4617-80c7-3bdd8d1daf78,,Highest,,Prasad Kanneti,712020:53d44bee-0a51-4c24-9855-77757f09232f,Kelsey Wesley,712020:b9fe53c8-6f3f-4a69-894e-40bc65cb89a5,Kelsey Wesley,712020:b9fe53c8-6f3f-4a69-894e-40bc65cb89a5,01/Apr/26 11:46 PM,01/May/26 6:23 AM,,,,MKT-3.4.2,PrimeRx Market Website,19/May/26 12:00 AM,0,,,"Need to replace the PrimeRx Market Logo with the new Redsail RxMarket Logo

UAC

# Replace the PrimeRx Market logo with the new Redsail RxMarket Logo (need to Attach)
## Replace on Site Header
## Replace on Login Pages (White Logo)
### Admin Login page
### User Login page
### Forgot Password page
## Replace on Initial Registration Pages
### Initial Registration page
### Modified Registration page (preview mode)
## Replace on Shipping Minimums export file
## Replace Admin Area Logo on Admin Page post Login
# Update Favicon (attached to task)
## Update Favicon on User Login Page to Redsail RxMarket
## Update Favicon on Admin Login Page to Redsail RxMarket
## Update Favicon on Admin that displays once logged in to Redsail RxMarket
## Update Favicon that displays once logged into Redsail RxMarket



Site Header

!image-20260403-033115.png|width=1148,alt=""image-20260403-033115.png""!

Admin Login page

!image-20260403-031917.png|width=546,alt=""image-20260403-031917.png""!

User Login page

!image-20260403-032443.png|width=547,alt=""image-20260403-032443.png""!

Forgot Password page

!image-20260403-032846.png|width=549,alt=""image-20260403-032846.png""!



Initial Registration page

!image-20260403-032519.png|width=955,alt=""image-20260403-032519.png""!

Modified Initial Registration page (Preview User)

!image-20260403-033235.png|width=995,alt=""image-20260403-033235.png""!

Shipping Info Export file

!image-20260403-033446.png|width=680,alt=""image-20260403-033446.png""!



Admin area logo post login

!image-20260403-032040.png|width=1148,alt=""image-20260403-032040.png""!

Existing Favicon

!image-20260403-033625.png|width=189,alt=""image-20260403-033625.png""!",,Kelsey Wesley,Nagarjuna Reddy,Prasad Kanneti,,,712020:b9fe53c8-6f3f-4a69-894e-40bc65cb89a5,712020:3db4fd6d-5393-4a21-a78d-2d8272476330,712020:53d44bee-0a51-4c24-9855-77757f09232f,,,,,,,,,,,,,TRX-10216,,,,TRX-11638,TRX-11651,TRX-11652,,08/Apr/26 4:19 PM;712020:f52bdc18-6d63-4568-a981-7d32b23cb64a;RedSail-RxMarket.png;https://mmsrx.atlassian.net/rest/api/3/attachment/content/149188,07/Apr/26 10:25 PM;712020:b9fe53c8-6f3f-4a69-894e-40bc65cb89a5;Redsail RxMarket Favicon.png;https://mmsrx.atlassian.net/rest/api/3/attachment/content/149024,09/Apr/26 7:07 AM;712020:53d44bee-0a51-4c24-9855-77757f09232f;Screenshot from 2026-04-09 16-26-29.png;https://mmsrx.atlassian.net/rest/api/3/attachment/content/149298,09/Apr/26 7:07 AM;712020:53d44bee-0a51-4c24-9855-77757f09232f;Screenshot from 2026-04-09 16-27-03.png;https://mmsrx.atlassian.net/rest/api/3/attachment/content/149297,09/Apr/26 7:07 AM;712020:53d44bee-0a51-4c24-9855-77757f09232f;Screenshot from 2026-04-09 16-28-23.png;https://mmsrx.atlassian.net/rest/api/3/attachment/content/149299,09/Apr/26 7:07 AM;712020:53d44bee-0a51-4c24-9855-77757f09232f;Screenshot from 2026-04-09 16-30-33.png;https://mmsrx.atlassian.net/rest/api/3/attachment/content/149301,09/Apr/26 7:07 AM;712020:53d44bee-0a51-4c24-9855-77757f09232f;Screenshot from 2026-04-09 16-35-39.png;https://mmsrx.atlassian.net/rest/api/3/attachment/content/149300,09/Apr/26 7:07 AM;712020:53d44bee-0a51-4c24-9855-77757f09232f;Screenshot from 2026-04-09 16-37-19.png;https://mmsrx.atlassian.net/rest/api/3/attachment/content/149302,02/Apr/26 11:19 PM;712020:b9fe53c8-6f3f-4a69-894e-40bc65cb89a5;image-20260403-031917.png;https://mmsrx.atlassian.net/rest/api/3/attachment/content/148436,02/Apr/26 11:20 PM;712020:b9fe53c8-6f3f-4a69-894e-40bc65cb89a5;image-20260403-032040.png;https://mmsrx.atlassian.net/rest/api/3/attachment/content/148437,02/Apr/26 11:24 PM;712020:b9fe53c8-6f3f-4a69-894e-40bc65cb89a5;image-20260403-032443.png;https://mmsrx.atlassian.net/rest/api/3/attachment/content/148438,02/Apr/26 11:25 PM;712020:b9fe53c8-6f3f-4a69-894e-40bc65cb89a5;image-20260403-032519.png;https://mmsrx.atlassian.net/rest/api/3/attachment/content/148439,02/Apr/26 11:29 PM;712020:b9fe53c8-6f3f-4a69-894e-40bc65cb89a5;image-20260403-032846.png;https://mmsrx.atlassian.net/rest/api/3/attachment/content/148440,02/Apr/26 11:35 PM;712020:b9fe53c8-6f3f-4a69-894e-40bc65cb89a5;image-20260403-033115.png;https://mmsrx.atlassian.net/rest/api/3/attachment/content/148442,02/Apr/26 11:35 PM;712020:b9fe53c8-6f3f-4a69-894e-40bc65cb89a5;image-20260403-033235.png;https://mmsrx.atlassian.net/rest/api/3/attachment/content/148441,02/Apr/26 11:35 PM;712020:b9fe53c8-6f3f-4a69-894e-40bc65cb89a5;image-20260403-033446.png;https://mmsrx.atlassian.net/rest/api/3/attachment/content/148443,02/Apr/26 11:36 PM;712020:b9fe53c8-6f3f-4a69-894e-40bc65cb89a5;image-20260403-033625.png;https://mmsrx.atlassian.net/rest/api/3/attachment/content/148444,13/Apr/26 4:35 AM;712020:3db4fd6d-5393-4a21-a78d-2d8272476330;image-20260413-083031.png;https://mmsrx.atlassian.net/rest/api/3/attachment/content/149824,13/Apr/26 4:35 AM;712020:3db4fd6d-5393-4a21-a78d-2d8272476330;image-20260413-083102.png;https://mmsrx.atlassian.net/rest/api/3/attachment/content/149825,13/Apr/26 4:35 AM;712020:3db4fd6d-5393-4a21-a78d-2d8272476330;image-20260413-083549.png;https://mmsrx.atlassian.net/rest/api/3/attachment/content/149826,13/Apr/26 4:42 AM;712020:3db4fd6d-5393-4a21-a78d-2d8272476330;image-20260413-084126.png;https://mmsrx.atlassian.net/rest/api/3/attachment/content/149827,16/Apr/26 4:48 AM;712020:3db4fd6d-5393-4a21-a78d-2d8272476330;image-20260416-084123.png;https://mmsrx.atlassian.net/rest/api/3/attachment/content/150742,16/Apr/26 4:48 AM;712020:3db4fd6d-5393-4a21-a78d-2d8272476330;image-20260416-084228.png;https://mmsrx.atlassian.net/rest/api/3/attachment/content/150741,16/Apr/26 4:48 AM;712020:3db4fd6d-5393-4a21-a78d-2d8272476330;image-20260416-084310.png;https://mmsrx.atlassian.net/rest/api/3/attachment/content/150739,16/Apr/26 4:48 AM;712020:3db4fd6d-5393-4a21-a78d-2d8272476330;image-20260416-084411.png;https://mmsrx.atlassian.net/rest/api/3/attachment/content/150740,16/Apr/26 4:48 AM;712020:3db4fd6d-5393-4a21-a78d-2d8272476330;image-20260416-084757.png;https://mmsrx.atlassian.net/rest/api/3/attachment/content/150743,29/Apr/26 10:42 AM;712020:b9fe53c8-6f3f-4a69-894e-40bc65cb89a5;image-20260429-144158.png;https://mmsrx.atlassian.net/rest/api/3/attachment/content/153562,01/May/26 5:27 AM;712020:3db4fd6d-5393-4a21-a78d-2d8272476330;image-20260501-092740.png;https://mmsrx.atlassian.net/rest/api/3/attachment/content/153915,01/May/26 5:28 AM;712020:3db4fd6d-5393-4a21-a78d-2d8272476330;image-20260501-092819.png;https://mmsrx.atlassian.net/rest/api/3/attachment/content/153916,01/May/26 5:29 AM;712020:3db4fd6d-5393-4a21-a78d-2d8272476330;image-20260501-092906.png;https://mmsrx.atlassian.net/rest/api/3/attachment/content/153917,01/May/26 5:30 AM;712020:3db4fd6d-5393-4a21-a78d-2d8272476330;image-20260501-093017.png;https://mmsrx.atlassian.net/rest/api/3/attachment/content/153918,01/May/26 5:32 AM;712020:3db4fd6d-5393-4a21-a78d-2d8272476330;image-20260501-093206.png;https://mmsrx.atlassian.net/rest/api/3/attachment/content/153919,01/May/26 5:32 AM;712020:3db4fd6d-5393-4a21-a78d-2d8272476330;image-20260501-093224.png;https://mmsrx.atlassian.net/rest/api/3/attachment/content/153920,01/May/26 5:59 AM;712020:3db4fd6d-5393-4a21-a78d-2d8272476330;image-20260501-095910.png;https://mmsrx.atlassian.net/rest/api/3/attachment/content/153923,01/May/26 6:00 AM;712020:3db4fd6d-5393-4a21-a78d-2d8272476330;image-20260501-100000.png;https://mmsrx.atlassian.net/rest/api/3/attachment/content/153924,01/May/26 6:14 AM;712020:3db4fd6d-5393-4a21-a78d-2d8272476330;image-20260501-101238.png;https://mmsrx.atlassian.net/rest/api/3/attachment/content/153926,,,,,,,,,com.atlassian.servicedesk.plugins.approvals.internal.customfield.ApprovalsCFValue@71256182,,,,,,,,,,,,,,1,,,,"{pullrequest={dataType=pullrequest, state=MERGED, stateCount=1}, json={""cachedValue"":{""errors"":[],""summary"":{""pullrequest"":{""overall"":{""count"":1,""lastUpdated"":""2026-04-15T07:57:55.000-0400"",""stateCount"":1,""state"":""MERGED"",""dataType"":""pullrequest"",""open"":false},""byInstanceType"":{""GitHub"":{""count"":1,""name"":""GitHub""}}}}},""isStale"":true}}",,,,,,,,,,,,,,,,,,,,,,,,,,,,2|i041lz:,0.0,,,,,,Enter any SQL related to this task here.,,,,,TRX Sprint 227,,,,,,,,,,,,,,2.0,,,,,,,,,,,,,,,,,2026-04-09 11:07:46.04,,06/Apr/26 9:01 AM;712020:b9fe53c8-6f3f-4a69-894e-40bc65cb89a5;[~accountid:712020:f52bdc18-6d63-4568-a981-7d32b23cb64a] will attach the updated stacked logo and the favicon as soon as she has them so this task can be done,07/Apr/26 10:26 PM;712020:b9fe53c8-6f3f-4a69-894e-40bc65cb89a5;Attached the Favicon to this task,"09/Apr/26 7:07 AM;712020:53d44bee-0a51-4c24-9855-77757f09232f;!Screenshot from 2026-04-09 16-26-29.png|width=489,alt=""Screenshot from 2026-04-09 16-26-29.png""!

!Screenshot from 2026-04-09 16-27-03.png|width=489,alt=""Screenshot from 2026-04-09 16-27-03.png""!

!Screenshot from 2026-04-09 16-28-23.png|width=489,alt=""Screenshot from 2026-04-09 16-28-23.png""!

!Screenshot from 2026-04-09 16-30-33.png|width=489,alt=""Screenshot from 2026-04-09 16-30-33.png""!

!Screenshot from 2026-04-09 16-35-39.png|width=489,alt=""Screenshot from 2026-04-09 16-35-39.png""!

!Screenshot from 2026-04-09 16-37-19.png|width=474,alt=""Screenshot from 2026-04-09 16-37-19.png""!","13/Apr/26 4:21 AM;712020:3db4fd6d-5393-4a21-a78d-2d8272476330;Pretest: Passed

Environment: QA32025

Branch: TRX-11564-R



Test Cases:

# Login Page
# Registration Page
# Forgot Password page
# Replace on Initial Registration Pages
# Modified Initial Registration Page
# Email Confimration Page
# Multi Search Page
# Update Favicon on User Login Page to Redsail RxMarket
# Update Favicon on Admin Login Page to Redsail RxMarket

10.Update Favicon on Admin that displays once logged in to Redsail RxMarket

# Update Favicon that displays once logged into Redsail RxMarket

!image-20260413-083031.png|width=968,alt=""image-20260413-083031.png""!

!image-20260413-083102.png|width=968,alt=""image-20260413-083102.png""!

!image-20260413-083549.png|width=968,alt=""image-20260413-083549.png""!

!image-20260413-084126.png|width=968,alt=""image-20260413-084126.png""!","16/Apr/26 4:37 AM;712020:3db4fd6d-5393-4a21-a78d-2d8272476330;Verify Test: Passed

Environment: QA32025

Branch: release/Nova_3.4.2

Test Cases:

# Login Page
# Registration Page
# Forgot Password page
# Replace on Initial Registration Pages
# Modified Initial Registration Page
# Email Confimration Page
# Multi Search Page
# Update Favicon on User Login Page to Redsail RxMarket
# Update Favicon on Admin Login Page to Redsail RxMarket

10.Update Favicon on Admin that displays once logged in to Redsail RxMarket

# Update Favicon that displays once logged into Redsail RxMarket

Login Page: 



!image-20260416-084123.png|width=968,alt=""image-20260416-084123.png""!

Registration Page: 

!image-20260416-084228.png|width=968,alt=""image-20260416-084228.png""!

Admin Login Page: 

!image-20260416-084310.png|width=968,alt=""image-20260416-084310.png""!

Buyer After Login : 

!image-20260416-084411.png|width=968,alt=""image-20260416-084411.png""!

Modified Initial Registration: 

!image-20260416-084757.png|width=968,alt=""image-20260416-084757.png""!","29/Apr/26 10:42 AM;712020:b9fe53c8-6f3f-4a69-894e-40bc65cb89a5;Site Header - Preview Mode 

!image-20260429-144158.png|width=1174,alt=""image-20260429-144158.png""!","01/May/26 5:23 AM;712020:3db4fd6d-5393-4a21-a78d-2d8272476330;Verify Test: Passed as part of Regression 3.4.2

Environment: stage2025

Branch: release/Nova_3.4.2

Modules Covered: Registration, Pharmacy, Supplier, Admin, Preview Buyer, Modified Initial Registration.

Test Cases:

# Login Page
# Registration Page
# Forgot Password page
# Replace on Initial Registration Pages
# Modified Initial Registration Page
# Email Confirmation Page
# Multi Search Page
# Update Favicon on User Login Page to Redsail RxMarket
# Update Favicon on Admin Login Page to Redsail RxMarket

10.  Update Favicon on Admin that displays once logged in to Redsail RxMarket

# Update Favicon that displays once logged into Redsail RxMarket
# Supplier Modules
# Preview Buyers



!image-20260501-092740.png|width=968,alt=""image-20260501-092740.png""!



!image-20260501-092819.png|width=968,alt=""image-20260501-092819.png""!

!image-20260501-092906.png|width=968,alt=""image-20260501-092906.png""!

!image-20260501-093017.png|width=968,alt=""image-20260501-093017.png""!

!image-20260501-093206.png|width=968,alt=""image-20260501-093206.png""!

!image-20260501-093224.png|width=968,alt=""image-20260501-093224.png""!

!image-20260501-095910.png|width=968,alt=""image-20260501-095910.png""!

!image-20260501-100000.png|width=968,alt=""image-20260501-100000.png""!

!image-20260501-101238.png|width=968,alt=""image-20260501-101238.png""!",,,,,132567,TRX-11562,Phase 1 - Change PrimeRx Market to Redsail RxMarket,Done,16/Apr/26 4:53 AM
Unable to save the values in Max Optimum section,TRX-11560,131961,Bug,Done,TRX,PrimeRx MARKET,software,Jeff Davis,712020:d5794e34-9434-4617-80c7-3bdd8d1daf78,,Medium,Fixed,Madhu Nodagala,712020:0e6b5cef-280d-41fa-b42f-a0bfc100925a,Radhika Kopparapu,712020:6179edff-4ad9-4d94-bb3d-97dc682dfe18,Radhika Kopparapu,712020:6179edff-4ad9-4d94-bb3d-97dc682dfe18,31/Mar/26 1:21 AM,23/Apr/26 9:08 AM,,22/Apr/26 5:48 AM,,MKT-3.4.3,PrimeRx Market Website,,0,,," *Issue:* Unable to save *Primary Account No* and *Primary Monthly Volume Goal* in Max Optimum section under Manage Account for Buyer.

h3. *Environment:*

Stage2025 and qa12025

h3. *Branch:*

release/Nova_3.4.1.1

h3. *Steps to Reproduce:*

# Login as Admin
# Select an Active Final Buyer
# Navigate to *Manage Account* page
# Enter values in:
#* Primary Account No
#* Primary Monthly Volume Goal
# Click on *Save* button

h3. *Actual Result:*

Successful validation message is *not displayed*, and data is not saved.

h3. *Expected Result:*

Successful validation message *should be displayed*, and entered data should be saved successfully.

*Screenshot for reference:*

!image-20260401-144352.png|width=1036,alt=""image-20260401-144352.png""!



!image-20260331-053815.png|width=573,alt=""image-20260331-053815.png""!

*QA1 Enviornment:*

First User can be able to save the data successfully without issue

!image-20260401-150058.png|width=565,alt=""image-20260401-150058.png""!

While updating the same buyer for the 2nd time, the data is not being saved, and no confirmation or error message is displayed.

Error Log for reference:

!image-20260401-150438.png|width=573,alt=""image-20260401-150438.png""!",,Madhu Nodagala,Radhika Kopparapu,,,,712020:0e6b5cef-280d-41fa-b42f-a0bfc100925a,712020:6179edff-4ad9-4d94-bb3d-97dc682dfe18,,,,,,,,,,,,,,TRX-11537,,,,,,,,31/Mar/26 1:38 AM;712020:6179edff-4ad9-4d94-bb3d-97dc682dfe18;image-20260331-053815.png;https://mmsrx.atlassian.net/rest/api/3/attachment/content/147819,01/Apr/26 10:44 AM;712020:3db4fd6d-5393-4a21-a78d-2d8272476330;image-20260401-144352.png;https://mmsrx.atlassian.net/rest/api/3/attachment/content/148113,01/Apr/26 11:07 AM;712020:6179edff-4ad9-4d94-bb3d-97dc682dfe18;image-20260401-150058.png;https://mmsrx.atlassian.net/rest/api/3/attachment/content/148117,01/Apr/26 11:07 AM;712020:6179edff-4ad9-4d94-bb3d-97dc682dfe18;image-20260401-150438.png;https://mmsrx.atlassian.net/rest/api/3/attachment/content/148116,16/Apr/26 9:53 AM;712020:0e6b5cef-280d-41fa-b42f-a0bfc100925a;image-20260416-135153.png;https://mmsrx.atlassian.net/rest/api/3/attachment/content/150781,16/Apr/26 9:53 AM;712020:0e6b5cef-280d-41fa-b42f-a0bfc100925a;image-20260416-135237.png;https://mmsrx.atlassian.net/rest/api/3/attachment/content/150780,16/Apr/26 9:53 AM;712020:0e6b5cef-280d-41fa-b42f-a0bfc100925a;image-20260416-135310.png;https://mmsrx.atlassian.net/rest/api/3/attachment/content/150779,22/Apr/26 5:48 AM;712020:6179edff-4ad9-4d94-bb3d-97dc682dfe18;image-20260422-094531.png;https://mmsrx.atlassian.net/rest/api/3/attachment/content/151909,,,,,,,,,,,,,,,,,,,,,,,,,,,,,,,,,,,,,com.atlassian.servicedesk.plugins.approvals.internal.customfield.ApprovalsCFValue@4b06274c,,,,,,,,,,,,,,1,,,,"{pullrequest={dataType=pullrequest, state=MERGED, stateCount=1}, json={""cachedValue"":{""errors"":[],""summary"":{""pullrequest"":{""overall"":{""count"":1,""lastUpdated"":""2026-04-22T05:12:01.000-0400"",""stateCount"":1,""state"":""MERGED"",""dataType"":""pullrequest"",""open"":false},""byInstanceType"":{""GitHub"":{""count"":1,""name"":""GitHub""}}}}},""isStale"":true}}",,,,,,,,,,,,,,,,,,,,,,,,,,,,2|00nz00:ui01000063khzv0301i0009,0.0,,,,,,Enter any SQL related to this task here.,,,,,TRX Sprint 227,,,,,,,,,,,,,17/Apr/26 12:00 AM,2.0,,,,,,,,,,,,,,,,,2026-04-16 13:53:16.038,10081_*:*_1_*:*_6392_*|*_10083_*:*_1_*:*_265904890_*|*_10075_*:*_1_*:*_10290_*|*_10074_*:*_1_*:*_158462083_*|*_10000_*:*_1_*:*_31540900_*|*_10077_*:*_1_*:*_88233302_*|*_10110_*:*_1_*:*_10375398_*|*_10088_*:*_1_*:*_0_*|*_10087_*:*_1_*:*_5241672_*|*_10078_*:*_1_*:*_1199436356_*|*_10089_*:*_1_*:*_155447483,"16/Apr/26 9:53 AM;712020:0e6b5cef-280d-41fa-b42f-a0bfc100925a;Branch: TRX-11560-D

Env: madhu2025

Max Optimum section values are now properly saved in Manage Account Page.

!image-20260416-135153.png|width=804,alt=""image-20260416-135153.png""!

Changes are saved and success message is also displayed.

!image-20260416-135237.png|width=784,alt=""image-20260416-135237.png""!

The changed values are reflected even after refreshing the page.

!image-20260416-135310.png|width=784,alt=""image-20260416-135310.png""!","20/Apr/26 8:42 AM;712020:6179edff-4ad9-4d94-bb3d-97dc682dfe18;*Pre Test:* InProgress

*Branch:* TRX-11560-D

*Env:* qa12025","22/Apr/26 5:40 AM;712020:6179edff-4ad9-4d94-bb3d-97dc682dfe18;*Verify Test:* Passed

*Branch:* development

*Env:* qa32025

Changed *Name of Primary Supplier :*,*Primary Account No :* and *Primary Monthly Volume Goal :*

First time I can be able to save the data successfully without errors for this Buyers (CG0000003 and NAGA00001).

!image-20260422-094531.png|width=564,alt=""image-20260422-094531.png""!

Multiple times entered the values and saved the data successfully without errors.",,,,,,,,,,,,Done,22/Apr/26 5:48 AM
Provide edit functionality for Product Restrictions page in Admin,TRX-11556,131276,Code Task,Done,TRX,PrimeRx MARKET,software,Jeff Davis,712020:d5794e34-9434-4617-80c7-3bdd8d1daf78,,Medium,Done,Prasad Kanneti,712020:53d44bee-0a51-4c24-9855-77757f09232f,Prasad Kanneti,712020:53d44bee-0a51-4c24-9855-77757f09232f,Prasad Kanneti,712020:53d44bee-0a51-4c24-9855-77757f09232f,27/Mar/26 4:24 AM,13/Apr/26 7:58 AM,,13/Apr/26 7:58 AM,,,PrimeRx Market Website,,0,,,"Create ability to Edit a restricted item for any restriction that is currently actively being restricted

NDC

Product Name

Labeler Code

State

End Date

Exclusion Reason

On History Table If Restriction is Edited, save changes and update Product display based on edited criteria",,Prasad Kanneti,,,,,712020:53d44bee-0a51-4c24-9855-77757f09232f,,,,,,,,,,,,,,,,,,,,,,,02/Apr/26 6:27 AM;712020:53d44bee-0a51-4c24-9855-77757f09232f;Screenshot from 2026-04-02 15-53-13.png;https://mmsrx.atlassian.net/rest/api/3/attachment/content/148303,02/Apr/26 6:27 AM;712020:53d44bee-0a51-4c24-9855-77757f09232f;Screenshot from 2026-04-02 15-53-45.png;https://mmsrx.atlassian.net/rest/api/3/attachment/content/148302,02/Apr/26 6:27 AM;712020:53d44bee-0a51-4c24-9855-77757f09232f;Screenshot from 2026-04-02 15-55-21.png;https://mmsrx.atlassian.net/rest/api/3/attachment/content/148301,,,,,,,,,,,,,,,,,,,,,,,,,,,,,,,,,,,,,,,,,,com.atlassian.servicedesk.plugins.approvals.internal.customfield.ApprovalsCFValue@d8d03a9,,,,,,,,,,,,,,1,,,,"{repository={count=2, dataType=repository}, json={""cachedValue"":{""errors"":[],""summary"":{""repository"":{""overall"":{""count"":2,""lastUpdated"":""2026-03-27T09:11:28.000-0400"",""dataType"":""repository""},""byInstanceType"":{""GitHub"":{""count"":2,""name"":""GitHub""}}}}},""isStale"":true}}",,,,,,,,,,,,,,,,,,,,,,,,,,,,2|i03won:,0.0,,,,,,Enter any SQL related to this task here.,,,,,TRX Sprint 226,TRX Sprint 227,,,,,,,,,,,,,,,,,,,,,,,,,,,,,,,10081_*:*_2_*:*_3810_*|*_10074_*:*_2_*:*_267419357_*|*_10000_*:*_1_*:*_340338_*|*_10105_*:*_2_*:*_1213812919,"02/Apr/26 6:27 AM;712020:53d44bee-0a51-4c24-9855-77757f09232f;!Screenshot from 2026-04-02 15-53-13.png|width=489,alt=""Screenshot from 2026-04-02 15-53-13.png""!

!Screenshot from 2026-04-02 15-53-45.png|width=489,alt=""Screenshot from 2026-04-02 15-53-45.png""!

!Screenshot from 2026-04-02 15-55-21.png|width=489,alt=""Screenshot from 2026-04-02 15-55-21.png""!",,,,,,,,,,,95165,TRX-10845,Enabling product restrictions on new Product Restrictions Page,Done,13/Apr/26 7:58 AM
Manage Suppliers page is accessible under the Supplier Info tab for Preview Users,TRX-11555,131021,Bug,Done,TRX,PrimeRx MARKET,software,Jeff Davis,712020:d5794e34-9434-4617-80c7-3bdd8d1daf78,,Medium,Fixed,Madhu Nodagala,712020:0e6b5cef-280d-41fa-b42f-a0bfc100925a,Radhika Kopparapu,712020:6179edff-4ad9-4d94-bb3d-97dc682dfe18,Radhika Kopparapu,712020:6179edff-4ad9-4d94-bb3d-97dc682dfe18,26/Mar/26 7:15 AM,17/Apr/26 8:52 AM,,15/Apr/26 10:08 AM,MKT-3.4.1,MKT-3.4.3,PrimeRx Market Website,,0,,,"*Issue:* Manage Suppliers page is accessible under Supplier Info tab for Preview Users when navigating via Multi Search page

*Environment*: stage2025 and Production

*Branch*: release/Nova_3.4.1.1

*Steps to Reproduce:*

# Login as Admin
# Select a Preview user (AC1850228 & AC4319225)
# Navigate to the Multi Search page
# Click on the *Supplier Info* tab
# Observe the *Manage Suppliers* link
# Click on the *Manage Suppliers* link

*Actual Results:* Manage Suppliers page is displayed when the user navigates through the Multi Search page.

*Expected Results:* Manage Suppliers link/page should be hidden for Preview Users when accessed via the Multi Search page.

*Screen shot for reference:*

The screenshot shows the Manage Suppliers link under the Supplier Info tab.

!image-20260326-112431.png|width=573,alt=""image-20260326-112431.png""!

Upon clicking the *Manage Suppliers* link, the user is redirected to the Manage Suppliers page.

!image-20260326-112530.png|width=573,alt=""image-20260326-112530.png""!",,Madhu Nodagala,Radhika Kopparapu,,,,712020:0e6b5cef-280d-41fa-b42f-a0bfc100925a,712020:6179edff-4ad9-4d94-bb3d-97dc682dfe18,,,,,,,,,,,,,,,,,,TRX-11527,,,,26/Mar/26 7:34 AM;712020:6179edff-4ad9-4d94-bb3d-97dc682dfe18;image-20260326-112431.png;https://mmsrx.atlassian.net/rest/api/3/attachment/content/147248,26/Mar/26 7:34 AM;712020:6179edff-4ad9-4d94-bb3d-97dc682dfe18;image-20260326-112530.png;https://mmsrx.atlassian.net/rest/api/3/attachment/content/147249,09/Apr/26 5:25 AM;712020:0e6b5cef-280d-41fa-b42f-a0bfc100925a;image-20260409-092418.png;https://mmsrx.atlassian.net/rest/api/3/attachment/content/149281,09/Apr/26 5:25 AM;712020:0e6b5cef-280d-41fa-b42f-a0bfc100925a;image-20260409-092508.png;https://mmsrx.atlassian.net/rest/api/3/attachment/content/149280,09/Apr/26 5:25 AM;712020:0e6b5cef-280d-41fa-b42f-a0bfc100925a;image-20260409-092550.png;https://mmsrx.atlassian.net/rest/api/3/attachment/content/149282,13/Apr/26 1:25 AM;712020:6179edff-4ad9-4d94-bb3d-97dc682dfe18;image-20260413-051848.png;https://mmsrx.atlassian.net/rest/api/3/attachment/content/149780,15/Apr/26 10:07 AM;712020:6179edff-4ad9-4d94-bb3d-97dc682dfe18;image-20260415-140253.png;https://mmsrx.atlassian.net/rest/api/3/attachment/content/150475,,,,,,,,,,,,,,,,,,,,,,,,,,,,,,,,,,,,,,com.atlassian.servicedesk.plugins.approvals.internal.customfield.ApprovalsCFValue@4dfd7977,,,,,,,,,,,,,,1,,,,"{pullrequest={dataType=pullrequest, state=MERGED, stateCount=1}, json={""cachedValue"":{""errors"":[],""summary"":{""pullrequest"":{""overall"":{""count"":1,""lastUpdated"":""2026-04-15T07:45:36.000-0400"",""stateCount"":1,""state"":""MERGED"",""dataType"":""pullrequest"",""open"":false},""byInstanceType"":{""GitHub"":{""count"":1,""name"":""GitHub""}}}}},""isStale"":true}}",,,,,,,,,,,,,,,,,,,,,,,,,,,,2|00nz00:ui01000063khzv0301i0004,0.0,,,,,,Enter any SQL related to this task here.,,,,,TRX Sprint 227,,,,,,,,,,,,,09/Apr/26 12:00 AM,1.0,,,,,,,,,,,,,,,,,2026-04-09 09:25:56.902,10081_*:*_1_*:*_4209_*|*_10083_*:*_1_*:*_219649874_*|*_10075_*:*_1_*:*_29002_*|*_10074_*:*_1_*:*_6924789_*|*_10000_*:*_1_*:*_442314542_*|*_10077_*:*_1_*:*_88410183_*|*_10110_*:*_1_*:*_108514103_*|*_10088_*:*_1_*:*_0_*|*_10087_*:*_1_*:*_3108_*|*_10078_*:*_1_*:*_668364064_*|*_10089_*:*_1_*:*_195627455,"09/Apr/26 5:25 AM;712020:0e6b5cef-280d-41fa-b42f-a0bfc100925a;Branch: TRX-11555-D

Env: madhu2025

Preview User now can access the Manage Suppliers page through Multi Search Page.

!image-20260409-092418.png|width=804,alt=""image-20260409-092418.png""!

They cant access the Manage Suppliers Page through URL as well.

!image-20260409-092508.png|width=784,alt=""image-20260409-092508.png""!

It will be redirected to Home Page.

!image-20260409-092550.png|width=784,alt=""image-20260409-092550.png""!","13/Apr/26 1:25 AM;712020:6179edff-4ad9-4d94-bb3d-97dc682dfe18;*Pre Test:* Passed

*Branch:* TRX-11555-D

*Env:* qa32025

*Scenario1:*

# Login as Admin
# Select a Preview user (BF5124374, FS6160256 & FD4031162)
# Navigate to the Multi Search page
# Click on the *Supplier Info* tab

Hidden the *Manage Suppliers* link, Multiple Prview,new users verified, Working as expected.

*Screenshot for reference:*

!image-20260413-051848.png|width=518,alt=""image-20260413-051848.png""!

*Scenario2:*

# Login as Admin
# Select a Preview user (BF5124374, FS6160256 & FD4031162)
# Navigate to Home page.
# Click on the *Supplier Info* tab

Hidden the *Manage Suppliers* link, Multiple Prview,new users verified, Working as expected.","15/Apr/26 10:00 AM;712020:6179edff-4ad9-4d94-bb3d-97dc682dfe18;*Verify Test:* Passed

*Branch:* development

*Env:* qa32025

*Scenario1:*

# Login as Admin
# Select a Preview user (FD4031162, FM0233356 and FS6278483)
# Navigate to the Multi Search page
# Click on the *Supplier Info* tab

*Scenario2:*

# Login as Admin
# Select a Preview user (FD4031162, FM0233356 and FS6278483)
# Navigate to Home page.
# Click on the *Supplier Info* tab

Hidden the Manage Suppliers page on Preview new users, Working as expected

!image-20260415-140253.png|width=505,alt=""image-20260415-140253.png""!",,,,,,,,,,,,Done,15/Apr/26 10:08 AM
Need to categorizing Onboarding Tour displaying upon first PMS auto login or via the tools menu,TRX-11554,130819,Task,Business Acceptance,TRX,PrimeRx MARKET,software,Jeff Davis,712020:d5794e34-9434-4617-80c7-3bdd8d1daf78,,Medium,,Prasad Kanneti,712020:53d44bee-0a51-4c24-9855-77757f09232f,Kelsey Wesley,712020:b9fe53c8-6f3f-4a69-894e-40bc65cb89a5,Kelsey Wesley,712020:b9fe53c8-6f3f-4a69-894e-40bc65cb89a5,25/Mar/26 10:07 AM,29/Apr/26 9:35 AM,,,,MKT-3.4.3,PrimeRx Market Website,,0,,,"Need to categorizing Onboarding Tour displaying upon first PMS auto login or via the tools menu

UAC

# When onboarding tour is started or finished, need to 
## categorize in the db whether displayed via
### first PMS auto login or
### via the tools menu
## store start date
## store end date
# Do not replace new start or end status if tour is opened again via Tools menu
# Historically if we have accounts that have come over from the PMS and started the tour before  were saving start/end dates, use the registration date for the start/end date",,Anil Nanepogu,Kelsey Wesley,,,,712020:5adbcfc1-23d7-4875-957d-56b7cb394290,712020:b9fe53c8-6f3f-4a69-894e-40bc65cb89a5,,,,,,,,,,,,,,,,,,,,,,24/Apr/26 2:35 AM;712020:5adbcfc1-23d7-4875-957d-56b7cb394290;Screenshot 2026-04-23 174927.png;https://mmsrx.atlassian.net/rest/api/3/attachment/content/152464,24/Apr/26 2:35 AM;712020:5adbcfc1-23d7-4875-957d-56b7cb394290;Screenshot 2026-04-23 231331.png;https://mmsrx.atlassian.net/rest/api/3/attachment/content/152463,24/Apr/26 2:35 AM;712020:5adbcfc1-23d7-4875-957d-56b7cb394290;Screenshot 2026-04-23 231543.png;https://mmsrx.atlassian.net/rest/api/3/attachment/content/152465,24/Apr/26 3:08 AM;712020:5adbcfc1-23d7-4875-957d-56b7cb394290;Screenshot 2026-04-24 120853.png;https://mmsrx.atlassian.net/rest/api/3/attachment/content/152468,24/Apr/26 3:08 AM;712020:5adbcfc1-23d7-4875-957d-56b7cb394290;Screenshot 2026-04-24 121000.png;https://mmsrx.atlassian.net/rest/api/3/attachment/content/152467,24/Apr/26 3:08 AM;712020:5adbcfc1-23d7-4875-957d-56b7cb394290;Screenshot 2026-04-24 122330.png;https://mmsrx.atlassian.net/rest/api/3/attachment/content/152469,24/Apr/26 3:11 AM;712020:5adbcfc1-23d7-4875-957d-56b7cb394290;Screenshot 2026-04-24 124103.png;https://mmsrx.atlassian.net/rest/api/3/attachment/content/152470,28/Apr/26 11:12 AM;712020:5adbcfc1-23d7-4875-957d-56b7cb394290;Screenshot 2026-04-28 204004.png;https://mmsrx.atlassian.net/rest/api/3/attachment/content/153259,,,,,,,,,,,,,,,,,,,,,,,,,,,,,,,,,,,,,com.atlassian.servicedesk.plugins.approvals.internal.customfield.ApprovalsCFValue@6ad49c17,,,,,,,,,,,,,,1,,,,"{pullrequest={dataType=pullrequest, state=MERGED, stateCount=1}, json={""cachedValue"":{""errors"":[],""summary"":{""pullrequest"":{""overall"":{""count"":1,""lastUpdated"":""2026-04-28T04:38:52.000-0400"",""stateCount"":1,""state"":""MERGED"",""dataType"":""pullrequest"",""open"":false},""byInstanceType"":{""GitHub"":{""count"":1,""name"":""GitHub""}}}}},""isStale"":true}}",,,,,,,,,,,,,,,,,,,,,,,,,,,,2|00nz00:ui01000063khzv0301i000fu,0.0,,,,,,Enter any SQL related to this task here.,,,,,TRX Sprint 227,,,,,,,,,,,,,,3.0,,,,,,,,,,,,,,,,,2026-04-23 11:41:32.123,,07/Apr/26 10:29 PM;712020:b9fe53c8-6f3f-4a69-894e-40bc65cb89a5;Once this task is done we can build some reporting for the Onboarding Tour,"23/Apr/26 7:41 AM;712020:5adbcfc1-23d7-4875-957d-56b7cb394290;PreTest: Passed

Envi:qa32025

Branch: TRX-11554-D

Case1: Login via admin for first PMS auto login when page navigated to user site the onboarding tour should be populated and DB is updated with the start date with current date and time, end date when on boarding is completed

Case2: Login via admin for first PMS auto login and DB is updated with the start date,complete the onboarding end date is updated and again try onbaording with tools menu where DB is not updated

Case3: Login via admin for first PMS auto login and DB is updated with the start date and close the On boarding time pop up and after a while try again with tools menu the start date should not be updated (perform the same secenerio via tool menu instead of auto login)

Case5:For Non-PMS user on boarding is completed via tools menu and start/end date is updated in DB

Case6:if we have accounts that have come over from the PMS then the start and end dates is updated with registration date and time (UAC 3)

!Screenshot 2026-04-23 231543.png|width=618,alt=""Screenshot 2026-04-23 231543.png""!

!Screenshot 2026-04-23 231331.png|width=618,alt=""Screenshot 2026-04-23 231331.png""!

!Screenshot 2026-04-23 174927.png|width=618,alt=""Screenshot 2026-04-23 174927.png""!

!Screenshot 2026-04-24 121000.png|width=618,alt=""Screenshot 2026-04-24 121000.png""!

!Screenshot 2026-04-24 120853.png|width=618,alt=""Screenshot 2026-04-24 120853.png""!

!Screenshot 2026-04-24 122330.png|width=618,alt=""Screenshot 2026-04-24 122330.png""!

!Screenshot 2026-04-24 124103.png|width=618,alt=""Screenshot 2026-04-24 124103.png""!","28/Apr/26 5:40 AM;712020:5adbcfc1-23d7-4875-957d-56b7cb394290;VerifyTest: Passed

Envi:qa32025

Branch: [+release/Nova_3.4.3+|https://github.com/mms-product/Marketplace-Core/tree/release%2FNova_3.4.3]

Case1: Login via admin for first PMS auto login when page navigated to user site the onboarding tour should be populated and DB is updated with the start date with current date and time, end date when on boarding is completed

Case2: Login via admin for first PMS auto login and DB is updated with the start date,complete the onboarding end date is updated and again try onbaording with tools menu where DB is not updated

Case3: Login via admin for first PMS auto login and DB is updated with the start date and close the On boarding time pop up and after a while try again with tools menu the start date should not be updated (perform the same secenerio via tool menu instead of auto login)

Case5:For Non-PMS user on boarding is completed via tools menu and start/end date is updated in DB

Case6:if we have accounts that have come over from the PMS then the start and end dates is updated with registration date and time (UAC 3)

!Screenshot 2026-04-28 204004.png|width=618,alt=""Screenshot 2026-04-28 204004.png""!",,,,,,,,,,,,Done,28/Apr/26 11:12 AM
Empty data is not displayed in Edit section for Current Primary Supplier under User Management for Preview User,TRX-11553,130811,Bug,Done,TRX,PrimeRx MARKET,software,Jeff Davis,712020:d5794e34-9434-4617-80c7-3bdd8d1daf78,,Medium,Fixed,Prasad Kanneti,712020:53d44bee-0a51-4c24-9855-77757f09232f,Radhika Kopparapu,712020:6179edff-4ad9-4d94-bb3d-97dc682dfe18,Radhika Kopparapu,712020:6179edff-4ad9-4d94-bb3d-97dc682dfe18,25/Mar/26 8:53 AM,17/Apr/26 8:52 AM,,15/Apr/26 10:21 AM,MKT-3.4.1,MKT-3.4.3,PrimeRx Market Website,,0,,,"*Issue:* Empty data is not displayed in Edit section for Current Primary Supplier under User Management for New Preview User

*Environment*: Stage2025

*Branch*:  release/Nova_3.4.1

*Steps to Reproduce:*

# Login as Admin
# Select *Preview, new User (AC1303712)* and complete the initial registration using the confirmation key
# In *Step 1: Buyer Information*, verify that Current Primary Source fields (Name, State, Phone) are empty
# Navigate to *User Management* page of Admin
# Select the same Buyer and click on *Edit* for the Preview user
# Go to the *Reference* tab
# Verify the Current Primary Supplier details

*Actual Result:* PrimeRx data is displayed for Current Primary Supplier fields (Name, State, Phone) under the Reference tab

*Expected Result:* Empty data should be displayed for Current Primary Supplier fields (Name, State, Phone) under the Reference tab

*Screenshot for reference:*

Step1: Buyer Information page

!image-20260325-131908.png|width=573,alt=""image-20260325-131908.png""!



Edit section for new Preview user

!image-20260325-130135.png|width=573,alt=""image-20260325-130135.png""!",,Radhika Kopparapu,,,,,712020:6179edff-4ad9-4d94-bb3d-97dc682dfe18,,,,,,,,,,,,,,,,,,,,,,,25/Mar/26 9:01 AM;712020:6179edff-4ad9-4d94-bb3d-97dc682dfe18;image-20260325-130135.png;https://mmsrx.atlassian.net/rest/api/3/attachment/content/146937,25/Mar/26 9:19 AM;712020:6179edff-4ad9-4d94-bb3d-97dc682dfe18;image-20260325-131908.png;https://mmsrx.atlassian.net/rest/api/3/attachment/content/146939,13/Apr/26 1:50 AM;712020:6179edff-4ad9-4d94-bb3d-97dc682dfe18;image-20260413-054312.png;https://mmsrx.atlassian.net/rest/api/3/attachment/content/149781,13/Apr/26 1:50 AM;712020:6179edff-4ad9-4d94-bb3d-97dc682dfe18;image-20260413-054440.png;https://mmsrx.atlassian.net/rest/api/3/attachment/content/149782,15/Apr/26 10:21 AM;712020:6179edff-4ad9-4d94-bb3d-97dc682dfe18;image-20260415-141427.png;https://mmsrx.atlassian.net/rest/api/3/attachment/content/150479,15/Apr/26 10:21 AM;712020:6179edff-4ad9-4d94-bb3d-97dc682dfe18;image-20260415-141611.png;https://mmsrx.atlassian.net/rest/api/3/attachment/content/150478,,,,,,,,,,,,,,,,,,,,,,,,,,,,,,,,,,,,,,,com.atlassian.servicedesk.plugins.approvals.internal.customfield.ApprovalsCFValue@8c82583,,,,,,,,,,,,,,1,,,,"{pullrequest={dataType=pullrequest, state=MERGED, stateCount=1}, json={""cachedValue"":{""errors"":[],""summary"":{""pullrequest"":{""overall"":{""count"":1,""lastUpdated"":""2026-04-15T08:36:32.000-0400"",""stateCount"":1,""state"":""MERGED"",""dataType"":""pullrequest"",""open"":false},""byInstanceType"":{""GitHub"":{""count"":1,""name"":""GitHub""}}}}},""isStale"":true}}",,,,,,,,,,,,,,,,,,,,,,,,,,,,2|00nz00:ui01000063khzv0301i000fm,0.0,,,,,,Enter any SQL related to this task here.,,,,,TRX Sprint 227,,,,,,,,,,,,,,2.0,,,,,,,,,,,,,,,,,,10081_*:*_1_*:*_4964_*|*_10083_*:*_1_*:*_220698153_*|*_10075_*:*_1_*:*_152207_*|*_10074_*:*_1_*:*_77084679_*|*_10000_*:*_1_*:*_864284_*|*_10077_*:*_1_*:*_6456543_*|*_10110_*:*_1_*:*_26190471_*|*_10088_*:*_1_*:*_0_*|*_10087_*:*_1_*:*_176534_*|*_10078_*:*_1_*:*_1284768487_*|*_10089_*:*_1_*:*_197014089,"13/Apr/26 1:50 AM;712020:6179edff-4ad9-4d94-bb3d-97dc682dfe18;*Pre Test:* Passed

*Env:* qa32025

*Branch:* TRX-11553-D

*Steps:*

# Login as Admin
# Select *Preview, new User (*FM4110956 and FM0745729*)* and complete the initial registration using the confirmation key
# In *Step 1: Buyer Information*, verify that Current Primary Source fields (Name, State, Phone) are empty
# Navigate to *User Management* page of Admin
# Select the same Buyer and click on *Edit* for the Preview user
# Go to the *Reference* tab
# Verify the Current Primary Supplier details

Empty data is displayed for Preview new users,Working as expected.

*Screenshot for reference:*

!image-20260413-054312.png|width=518,alt=""image-20260413-054312.png""!

Under *Buyer information Page:*

!image-20260413-054440.png|width=518,alt=""image-20260413-054440.png""!","15/Apr/26 10:11 AM;712020:6179edff-4ad9-4d94-bb3d-97dc682dfe18;*Verify Test:* Passed

*Env:* qa32025

*Branch:* development

*Steps:*

# Login as Admin
# Select *Preview, new User (*FS6278483 and BF5124374*)* and complete the initial registration using the confirmation key
# In *Step 1: Buyer Information*, verify that Current Primary Source fields (Name, State, Phone) are empty
# Navigate to *User Management* page of Admin
# Select the same Buyer and click on *Edit* for the Preview user
# Go to the *Reference* tab
# Verify the Current Primary Supplier details

Empty data is displayed for Preview new users, Working as expected.

*Screenshot for reference:*

!image-20260415-141611.png|width=505,alt=""image-20260415-141611.png""!

Under *Buyer information Page:*

!image-20260415-141427.png|width=505,alt=""image-20260415-141427.png""!",,,,,,,,,,,,,Done,15/Apr/26 10:21 AM
Validation Message is not displayed in Initial Registration page for existing user,TRX-11552,130705,Bug,Done,TRX,PrimeRx MARKET,software,Jeff Davis,712020:d5794e34-9434-4617-80c7-3bdd8d1daf78,,Medium,Fixed,Madhu Nodagala,712020:0e6b5cef-280d-41fa-b42f-a0bfc100925a,Anil Nanepogu,712020:5adbcfc1-23d7-4875-957d-56b7cb394290,Anil Nanepogu,712020:5adbcfc1-23d7-4875-957d-56b7cb394290,25/Mar/26 4:12 AM,20/Apr/26 9:22 AM,,17/Apr/26 6:00 AM,MKT-3.4.1,MKT-3.4.3,PrimeRx Market Website,,0,,,"*Issue: This DEA alredy has an account. Please login or contact Customer Service* validation message is not displayed in Initial registration page for existing user

*Environment*: QA12025  and Stage2025

*Branch*: development & release/Nova_3.4.1

*Steps*

# Open Trxade Url
# Navigate to *Registration* page
# Provide already existing Active new/ready/final user DEA in UserName (BW1234567)

*Actual Result:*
*This DEA alredy has an account. Please login or contact Customer Service* validation message is not displayed under DEA licience number

*Expected Result:*
*This DEA alredy has an account. Please login or contact Customer Service* validation message should be displayed under DEA licience number

*Environment*: Stage2025

*Branch*: release/Nova_3.4.1

!Screenshot 2026-03-25 133944.png|width=723,alt=""Screenshot 2026-03-25 133944.png""!",,Anil Nanepogu,Madhu Nodagala,,,,712020:5adbcfc1-23d7-4875-957d-56b7cb394290,712020:0e6b5cef-280d-41fa-b42f-a0bfc100925a,,,,,,,,,,,,,,,,,,,,,,25/Mar/26 4:18 AM;712020:5adbcfc1-23d7-4875-957d-56b7cb394290;Screenshot 2026-03-25 133944.png;https://mmsrx.atlassian.net/rest/api/3/attachment/content/146892,16/Apr/26 3:39 AM;712020:5adbcfc1-23d7-4875-957d-56b7cb394290;Screenshot 2026-04-16 130258.png;https://mmsrx.atlassian.net/rest/api/3/attachment/content/150733,16/Apr/26 3:39 AM;712020:5adbcfc1-23d7-4875-957d-56b7cb394290;Screenshot 2026-04-16 130513.png;https://mmsrx.atlassian.net/rest/api/3/attachment/content/150734,17/Apr/26 5:59 AM;712020:5adbcfc1-23d7-4875-957d-56b7cb394290;Screenshot 2026-04-17 152818.png;https://mmsrx.atlassian.net/rest/api/3/attachment/content/151125,17/Apr/26 5:59 AM;712020:5adbcfc1-23d7-4875-957d-56b7cb394290;Screenshot 2026-04-17 152841.png;https://mmsrx.atlassian.net/rest/api/3/attachment/content/151124,14/Apr/26 5:14 AM;712020:0e6b5cef-280d-41fa-b42f-a0bfc100925a;image-20260414-091407.png;https://mmsrx.atlassian.net/rest/api/3/attachment/content/150050,,,,,,,,,,,,,,,,,,,,,,,,,,,,,,,,,,,,,,,com.atlassian.servicedesk.plugins.approvals.internal.customfield.ApprovalsCFValue@5ee7c5d2,,,,,,,,,,,,,,1,,,,"{pullrequest={dataType=pullrequest, state=MERGED, stateCount=1}, json={""cachedValue"":{""errors"":[],""summary"":{""pullrequest"":{""overall"":{""count"":1,""lastUpdated"":""2026-04-17T05:07:11.000-0400"",""stateCount"":1,""state"":""MERGED"",""dataType"":""pullrequest"",""open"":false},""byInstanceType"":{""GitHub"":{""count"":1,""name"":""GitHub""}}}}},""isStale"":true}}",,,,,,,,,,,,,,,,,,,,,,,,,,,,2|00nz00:ui01000063khzv0301i000fr,0.0,,,,,,Enter any SQL related to this task here.,,,,,TRX Sprint 227,,,,,,,,,,,,,14/Apr/26 12:00 AM,1.0,,,,,,,,,,,,,,,,,2026-04-14 09:14:12.83,10081_*:*_1_*:*_3147_*|*_10083_*:*_1_*:*_74825407_*|*_10075_*:*_1_*:*_16058_*|*_10074_*:*_1_*:*_89419196_*|*_10000_*:*_1_*:*_17749023_*|*_10077_*:*_1_*:*_6570445_*|*_10110_*:*_1_*:*_87263774_*|*_10088_*:*_1_*:*_0_*|*_10087_*:*_1_*:*_3189_*|*_10078_*:*_1_*:*_1622995289_*|*_10089_*:*_1_*:*_91675878,"14/Apr/26 5:14 AM;712020:0e6b5cef-280d-41fa-b42f-a0bfc100925a;Branch: TRX-11552-D
Env: madhu2025

*This DEA alredy has an account. Please login or contact Customer Service* validation message is now displayed under DEA licience number in Registration Module if user provides a DEA number that already exists.

!image-20260414-091407.png|width=804,alt=""image-20260414-091407.png""!","16/Apr/26 3:39 AM;712020:5adbcfc1-23d7-4875-957d-56b7cb394290;*PreTest:Passed*

Branch: TRX-11552-D

Env: qa12025

*This DEA alredy has an account. Please login or contact Customer Service* validation message is displayed under DEA licience number in Registration Module if the provided user is already existed

!Screenshot 2026-04-16 130258.png|width=594,alt=""Screenshot 2026-04-16 130258.png""!

!Screenshot 2026-04-16 130513.png|width=594,alt=""Screenshot 2026-04-16 130513.png""!","17/Apr/26 5:48 AM;712020:5adbcfc1-23d7-4875-957d-56b7cb394290;*VerifyTest:Passed*

Branch: development

Env: qa12025

*This DEA alredy has an account. Please login or contact Customer Service* validation message is displayed under DEA licience number in Registration Module if the provided user is already existed

!Screenshot 2026-04-17 152818.png|width=566,alt=""Screenshot 2026-04-17 152818.png""!

!Screenshot 2026-04-17 152841.png|width=566,alt=""Screenshot 2026-04-17 152841.png""!",,,,,,,,,,,,Done,17/Apr/26 6:00 AM
Getting Fatal Error warnings are displayed in Unaccepted / Changed Orders Report Admin page,TRX-11548,130464,Bug,Done,TRX,PrimeRx MARKET,software,Jeff Davis,712020:d5794e34-9434-4617-80c7-3bdd8d1daf78,,Medium,Fixed,Madhu Nodagala,712020:0e6b5cef-280d-41fa-b42f-a0bfc100925a,Anil Nanepogu,712020:5adbcfc1-23d7-4875-957d-56b7cb394290,Anil Nanepogu,712020:5adbcfc1-23d7-4875-957d-56b7cb394290,24/Mar/26 9:29 AM,17/Apr/26 8:52 AM,,16/Apr/26 2:37 AM,MKT-3.4.1,MKT-3.4.3,PrimeRx Market Website,,0,,,"*Issue:* When clicking on Show Report button Fatal error warnings are displayed in *Unaccepted/Changed Orders Report* in admin page

*Environment*: QA12025  and Stage2025

*Branch*: development & release/Nova_3.4.1

*Steps*

# Login as Admin
# Navigate to *Unaccepted/Changed Orders Report* in admin page
# Select Buyer and Seller
# Click on Show Report

*Actual Result:*
Fatal error warnings are displayed when show report button is clicked in *Unaccepted/Changed Orders Report* admin page

*Expected Result:*
Unaccepted/Changed Orders should be displayed 

*Unaccepted/Changed Orders Report*

*Environment*: QA12025

*Branch*: development

!Screenshot 2026-03-24 185713.png|width=723,alt=""Screenshot 2026-03-24 185713.png""!

*Environment*: Stage2025

*Branch*: release/Nova_3.4.1

!image-20260324-134645.png|width=723,alt=""image-20260324-134645.png""!",,Anil Nanepogu,Madhu Nodagala,,,,712020:5adbcfc1-23d7-4875-957d-56b7cb394290,712020:0e6b5cef-280d-41fa-b42f-a0bfc100925a,,,,,,,,,,,,,,,,,,,,,,24/Mar/26 9:40 AM;712020:5adbcfc1-23d7-4875-957d-56b7cb394290;Screenshot 2026-03-24 185713.png;https://mmsrx.atlassian.net/rest/api/3/attachment/content/146650,13/Apr/26 3:38 AM;712020:5adbcfc1-23d7-4875-957d-56b7cb394290;Screenshot 2026-04-13 125521.png;https://mmsrx.atlassian.net/rest/api/3/attachment/content/149815,16/Apr/26 2:36 AM;712020:5adbcfc1-23d7-4875-957d-56b7cb394290;Screenshot 2026-04-16 120408.png;https://mmsrx.atlassian.net/rest/api/3/attachment/content/150730,24/Mar/26 9:48 AM;712020:5adbcfc1-23d7-4875-957d-56b7cb394290;image-20260324-134645.png;https://mmsrx.atlassian.net/rest/api/3/attachment/content/146651,10/Apr/26 4:08 AM;712020:0e6b5cef-280d-41fa-b42f-a0bfc100925a;image-20260410-080808.png;https://mmsrx.atlassian.net/rest/api/3/attachment/content/149484,,,,,,,,,,,,,,,,,,,,,,,,,,,,,,,,,,,,,,,,com.atlassian.servicedesk.plugins.approvals.internal.customfield.ApprovalsCFValue@b106559,,,,,,,,,,,,,,1,,,,"{pullrequest={dataType=pullrequest, state=MERGED, stateCount=1}, json={""cachedValue"":{""errors"":[],""summary"":{""pullrequest"":{""overall"":{""count"":1,""lastUpdated"":""2026-04-15T07:53:09.000-0400"",""stateCount"":1,""state"":""MERGED"",""dataType"":""pullrequest"",""open"":false},""byInstanceType"":{""GitHub"":{""count"":1,""name"":""GitHub""}}}}},""isStale"":true}}",,,,,,,,,,,,,,,,,,,,,,,,,,,,2|00nz00:ui01000063khzv0301i000fi,0.0,,,,,,Enter any SQL related to this task here.,,,,,TRX Sprint 227,,,,,,,,,,,,,10/Apr/26 12:00 AM,1.0,,,,,,,,,,,,,,,,,2026-04-10 08:08:13.018,10081_*:*_1_*:*_4618_*|*_10083_*:*_1_*:*_227695287_*|*_10075_*:*_1_*:*_3654_*|*_10074_*:*_1_*:*_76266099_*|*_10000_*:*_1_*:*_85087062_*|*_10077_*:*_1_*:*_6660594_*|*_10110_*:*_1_*:*_29770447_*|*_10088_*:*_1_*:*_0_*|*_10087_*:*_1_*:*_92173_*|*_10078_*:*_1_*:*_1281538150_*|*_10089_*:*_1_*:*_187889396,"10/Apr/26 4:08 AM;712020:0e6b5cef-280d-41fa-b42f-a0bfc100925a;Branch: TRX-11548-D

Env: madhu2025

Errors and warnings are now not displayed in the Unaccepted/Changed orders Report Admin Page.

!image-20260410-080808.png|width=804,alt=""image-20260410-080808.png""!","13/Apr/26 3:38 AM;712020:5adbcfc1-23d7-4875-957d-56b7cb394290;*PreTest:Passed*

Branch: TRX-11548-D

Env: qa32025

Login as Admin, Navigate to *Unaccepted/Changed Orders Report* in admin page and Select Buyer and Seller, click on show report

Reports related to the given Buyer and Supplier are displayed no fatal error is displayed

!Screenshot 2026-04-13 125521.png|width=683,alt=""Screenshot 2026-04-13 125521.png""!","16/Apr/26 2:36 AM;712020:5adbcfc1-23d7-4875-957d-56b7cb394290;*Verify:Passed*

Branch: development

Env: qa32025

In *Unaccepted/Changed Orders Report* in admin page, Select Buyer and Seller, click on show report

Reports related to the given Buyer and Supplier are displayed no fatal error is displayed

!Screenshot 2026-04-16 120408.png|width=635,alt=""Screenshot 2026-04-16 120408.png""!",,,,,,,,,,,,Done,16/Apr/26 2:37 AM
"Getting warnings when click on ""Export button"" for Admin Search Logging Report and Buyers Store Transaction Report",TRX-11547,130397,Bug,Done,TRX,PrimeRx MARKET,software,Jeff Davis,712020:d5794e34-9434-4617-80c7-3bdd8d1daf78,,Medium,Fixed,Madhu Nodagala,712020:0e6b5cef-280d-41fa-b42f-a0bfc100925a,Radhika Kopparapu,712020:6179edff-4ad9-4d94-bb3d-97dc682dfe18,Radhika Kopparapu,712020:6179edff-4ad9-4d94-bb3d-97dc682dfe18,24/Mar/26 5:40 AM,20/Apr/26 9:22 AM,,17/Apr/26 6:58 AM,MKT-3.4.1,MKT-3.4.3,PrimeRx Market Website,,0,,,"*Issue:* When clicking on the *Export* button for both *Search Logging Report* and *Buyers Store Transaction Report* under *Product Listing and Purchases Management*, warning messages are displayed.

*Environment*: QA32025  and Stage2025

*Branch*: development & release/Nova_3.4.1

*Steps to Reproduce:*

# Login as Admin
# Navigate to Search Logging Report or Buyers Store Transaction Report page under *Product Listing and Purchases Managemen*t page 
# Select Buyer and click on Export button.
# Observe the behavior in downloaded file

*Actual Result:*
A warning message is displayed when opening the downloaded sheet after clicking on the Export button.

*Expected Result:*
The file should be downloaded and opened successfully without displaying any warning messages after clicking on the Export button.

*Screenshot for reference:*

*Search Log Report:*

!image-20260324-095207.png|width=565,alt=""image-20260324-095207.png""!

*Buyer Store Transaction Report:*

!image-20260324-095531.png|width=573,alt=""image-20260324-095531.png""!



*Error Log:*

!image-20260324-095306.png|width=573,alt=""image-20260324-095306.png""!",,Madhu Nodagala,Radhika Kopparapu,,,,712020:0e6b5cef-280d-41fa-b42f-a0bfc100925a,712020:6179edff-4ad9-4d94-bb3d-97dc682dfe18,,,,,,,,,,,,,,,,,,,,,,24/Mar/26 5:53 AM;712020:6179edff-4ad9-4d94-bb3d-97dc682dfe18;image-20260324-095207.png;https://mmsrx.atlassian.net/rest/api/3/attachment/content/146617,24/Mar/26 5:53 AM;712020:6179edff-4ad9-4d94-bb3d-97dc682dfe18;image-20260324-095306.png;https://mmsrx.atlassian.net/rest/api/3/attachment/content/146618,24/Mar/26 5:56 AM;712020:6179edff-4ad9-4d94-bb3d-97dc682dfe18;image-20260324-095531.png;https://mmsrx.atlassian.net/rest/api/3/attachment/content/146619,13/Apr/26 5:36 AM;712020:0e6b5cef-280d-41fa-b42f-a0bfc100925a;image-20260413-093455.png;https://mmsrx.atlassian.net/rest/api/3/attachment/content/149828,13/Apr/26 5:36 AM;712020:0e6b5cef-280d-41fa-b42f-a0bfc100925a;image-20260413-093520.png;https://mmsrx.atlassian.net/rest/api/3/attachment/content/149829,13/Apr/26 5:36 AM;712020:0e6b5cef-280d-41fa-b42f-a0bfc100925a;image-20260413-093625.png;https://mmsrx.atlassian.net/rest/api/3/attachment/content/149830,15/Apr/26 9:48 AM;712020:6179edff-4ad9-4d94-bb3d-97dc682dfe18;image-20260415-134620.png;https://mmsrx.atlassian.net/rest/api/3/attachment/content/150471,15/Apr/26 9:48 AM;712020:6179edff-4ad9-4d94-bb3d-97dc682dfe18;image-20260415-134834.png;https://mmsrx.atlassian.net/rest/api/3/attachment/content/150472,17/Apr/26 5:54 AM;712020:6179edff-4ad9-4d94-bb3d-97dc682dfe18;image-20260417-095420.png;https://mmsrx.atlassian.net/rest/api/3/attachment/content/151123,17/Apr/26 6:57 AM;712020:6179edff-4ad9-4d94-bb3d-97dc682dfe18;image-20260417-105649.png;https://mmsrx.atlassian.net/rest/api/3/attachment/content/151133,,,,,,,,,,,,,,,,,,,,,,,,,,,,,,,,,,,com.atlassian.servicedesk.plugins.approvals.internal.customfield.ApprovalsCFValue@40dda4de,,,,,,,,,,,,,,1,,,,"{pullrequest={dataType=pullrequest, state=MERGED, stateCount=1}, json={""cachedValue"":{""errors"":[],""summary"":{""pullrequest"":{""overall"":{""count"":1,""lastUpdated"":""2026-04-17T05:29:29.000-0400"",""stateCount"":1,""state"":""MERGED"",""dataType"":""pullrequest"",""open"":false},""byInstanceType"":{""GitHub"":{""count"":1,""name"":""GitHub""}}}}},""isStale"":true}}",,,,,,,,,,,,,,,,,,,,,,,,,,,,2|00nz00:ui01000063khzv0301i000d,0.0,,,,,,Enter any SQL related to this task here.,,,,,TRX Sprint 227,,,,,,,,,,,,,13/Apr/26 12:00 AM,1.0,,,,,,,,,,,,,,,,,2026-04-13 09:36:30.419,10081_*:*_1_*:*_2845_*|*_10083_*:*_1_*:*_7006739_*|*_10075_*:*_1_*:*_18490_*|*_10074_*:*_1_*:*_264987430_*|*_10000_*:*_1_*:*_98937532_*|*_10077_*:*_1_*:*_6771005_*|*_10110_*:*_1_*:*_176632891_*|*_10088_*:*_1_*:*_0_*|*_10087_*:*_1_*:*_4101767_*|*_10078_*:*_1_*:*_1357667267_*|*_10089_*:*_1_*:*_156860861,"13/Apr/26 5:36 AM;712020:0e6b5cef-280d-41fa-b42f-a0bfc100925a;Branch: TRX-11547-D
Env: madhu2025

No errors or warnings are displayed in export csv file in search log report in Admin.

!image-20260413-093455.png|width=804,alt=""image-20260413-093455.png""!

!image-20260413-093520.png|width=784,alt=""image-20260413-093520.png""!

No warnings are displayed when user click on export with no data in Buyer Transactins Report in Admin.

!image-20260413-093625.png|width=784,alt=""image-20260413-093625.png""!","15/Apr/26 9:48 AM;712020:6179edff-4ad9-4d94-bb3d-97dc682dfe18;*Pre Test:* Passed

*Branch:* TRX-11547-D
*Env:* qa12025

*Scenario1:*

# Login as Admin
# Navigate to *Search Logging Report* under *Product Listing and Purchases Managemen*t page
# Select Buyer and click on Export button.

*Results are getting properly without issues, working as expected*

!image-20260415-134620.png|width=518,alt=""image-20260415-134620.png""!



*Scenario2:*

# Login as Admin
# Navigate to *Buyers Store Transaction Report page* under *Product Listing and Purchases Managemen*t page
# Select Buyer and click on Export button.

*Results are getting properly without issues, working as expected*

!image-20260415-134834.png|width=518,alt=""image-20260415-134834.png""!","17/Apr/26 5:37 AM;712020:6179edff-4ad9-4d94-bb3d-97dc682dfe18;*Verify Test:* InProgress

*Branch:* development
*Env:* qa12025

*Scenario1:*

# Login as Admin
# Navigate to *Search Logging Report* under *Product Listing and Purchases Managemen*t page
# Select Buyer and click on Export button.

*Results are getting properly without issues, working as expected*



*Scenario2:*

# Login as Admin
# Navigate to *Buyers Store Transaction Report page* under *Product Listing and Purchases Managemen*t page
# Select Buyer and click on Export button.

*Results are getting properly without issues, working as expected*

!image-20260417-095420.png|width=505,alt=""image-20260417-095420.png""!

*Scenario3:* There are no records means, showing error

!image-20260417-105649.png|width=505,alt=""image-20260417-105649.png""!",,,,,,,,,,,,Done,17/Apr/26 6:58 AM
"Getting warnings when click on ""Apply Now""  On Cart before placing order",TRX-11538,129383,Bug,Done,TRX,PrimeRx MARKET,software,Jeff Davis,712020:d5794e34-9434-4617-80c7-3bdd8d1daf78,,Medium,Fixed,Tamminana Lakshmi,712020:a2d5e83c-fbf4-4fec-8c09-fc8cbe2e0db1,Nagarjuna Reddy,712020:3db4fd6d-5393-4a21-a78d-2d8272476330,Nagarjuna Reddy,712020:3db4fd6d-5393-4a21-a78d-2d8272476330,18/Mar/26 8:15 AM,24/Apr/26 9:34 AM,,22/Apr/26 11:49 PM,MKT-3.4,MKT-3.4.3,PrimeRx Market Website,,0,,,"Issue: Getting warnings when click on ""Apply Now""  On Cart before placing order

Environment: QA32025

Branch: release/Nova_3.4



Steps to Reproduce: 

# Login as Buyer
# Add products to Cart (From Universal Suuplier and Required Post 1st order) 
# Goto Cart
# Click on Start Checkout All
# Displayed “Apply Now“
# Before click on it , open error_log
# Now click on “Apply Now“

Expected Result: Buyer should be redirected to Thank you page once Apply Now Modal is completed.

Actual Result: Getting Warnings in error_log.

*Error_log on qa32025:* 

[Wed Mar 18 08:13:48.133146 2026] [proxy_fcgi:error] [pid 1500897:tid 1500991] [client 103.168.80.101:11210] AH01071: Got error 'PHP message: PHP Warning:  Undefined array key ""owner_name"" in /srv/www/home/qa3/trxade/server/module/Application/src/Application/Service/DropBoxSign/TemplateRequest.php on line 399; PHP message: PHP Stack trace:; PHP message: PHP   1. {main}() /srv/www/home/qa3/trxade/server/http.php:0; PHP message: PHP   2. Laminas\\Mvc\\Application->run() /srv/www/home/qa3/trxade/server/http.php:38; PHP message: PHP   3. Laminas\\EventManager\\EventManager->triggerEventUntil($callback = class Closure { public $static = ['event' => class Laminas\\Mvc\\MvcEvent { ... }]; public $parameter = ['$r' => '<required>'] }, $event = class Laminas\\Mvc\\MvcEvent { protected $name = 'dispatch'; protected $target = class WebService\\Controller\\ESign\\DocumentUrlController { protected $plugins = class Laminas\\Mvc\\Controller\\PluginManager { ... }; protected $request = class Laminas\\Http\\PhpEnvironment\\Request { ... }; protected $response = class Laminas\\Http\\PhpEnvironment\\Response { ... }; protected $event = ...; protected $events = class Laminas\\EventManager\\EventManager { ... }; protected $eventIdentifier = 'Laminas\\\\Mvc\\\\Controller\\\\AbstractRestfulController'; protected $contentTypes = [...]; protected $identifierName = 'id'; protected $jsonDecodeType = TRUE; protected $customHttpMethodsMap = [...]; private bool ${Application\\Controller\\AbstractController}valid = TRUE; protected $bccDevEmail = NULL; protected $...; PHP message: PHP   4. Laminas\\EventManager\\EventManager->triggerListeners($event = class Laminas\\Mvc\\MvcEvent { protected $name = 'dispatch'; protected $target = class WebService\\Controller\\ESign\\DocumentUrlController { protected $plugins = class Laminas\\Mvc\\Controller\\PluginManager { ... }; protected $request = class Laminas\\Http\\PhpEnvironment\\Request { ... }; protected $response = class Laminas\\Http\\PhpEnvironment\\Response { ... }; protected $event = ...; protected $events = class Laminas\\EventManager\\EventManager { ... }; protected $eventIdentifier = 'Laminas\\\\Mvc\\\\Controller\\\\AbstractRestfulController'; protected $contentTypes = [...]; protected $identifierName = 'id'; protected $jsonDecodeType = TRUE; protected $customHttpMethodsMap = [...]; private bool ${Application\\Controller\\AbstractController}valid = TRUE; protected $bccDevEmail = NULL; protected $apiKey = ''; protected $userId = 0; protected $clientId = ''; protected $eventType = ''; protected $callbackPost = NULL; protected $signedDoc...; PHP message: PHP   5. Laminas\\Mvc\\DispatchListener->onDispatch($e = class Laminas\\Mvc\\MvcEvent { protected $name = 'dispatch'; protected $target = class WebService\\Controller\\ESign\\DocumentUrlController { protected $plugins = class Laminas\\Mvc\\Controller\\PluginManager { ... }; protected $request = class Laminas\\Http\\PhpEnvironment\\Request { ... }; protected $response = class Laminas\\Http\\PhpEnvironment\\Response { ... }; protected $event = ...; protected $events = class Laminas\\EventManager\\EventManager { ... }; protected $eventIdentifier = 'Laminas\\\\Mvc\\\\Controller\\\\AbstractRestfulController'; protected $contentTypes = [...]; protected $identifierName = 'id'; protected $jsonDecodeType = TRUE; protected $customHttpMethodsMap = [...]; private bool ${Application\\Controller\\AbstractController}valid = TRUE; protected $bccDevEmail = NULL; protected $apiKey = ''; protected $userId = 0; protected $clientId = ''; protected $eventType = ''; protected $callbackPost = NULL; protected $signedDocData = NULL; pr...; PHP message: PHP   6. Laminas\\Mvc\\Controller\\AbstractRestfulController->dispatch($request = class Laminas\\Http\\PhpEnvironment\\Request { protected $metadata = []; protected $content = '{""supplier_id"":100157,""document_name"":""SupplierDocument""}'; protected $version = '1.1'; protected $headers = class Laminas\\Http\\Headers { protected $pluginClassLoader = class Laminas\\Http\\HeaderLoader { ... }; protected $headersKeys = [...]; protected $headers = [...] }; protected $method = 'POST'; protected $allowCustomMethods = TRUE; protected $uri = class Laminas\\Uri\\Http { protected $scheme = 'https'; protected $userInfo = NULL; protected $host = '[qa32025.trxadedev.com|http://qa32025.trxadedev.com]'; protected $port = NULL; protected $path = '/ws/ESign-DocumentUrl'; protected $query = ''; protected $fragment = NULL; protected $validHostTypes = 27; protected $user = NULL; protected $password = NULL }; protected $queryParams = class Laminas\\Stdlib\\Parameters { private ${ArrayObject}storage = [...] }; protected $postParams = NULL; protected $fil...; PHP message: PHP   7. Laminas\\Mvc\\Controller\\AbstractController->dispatch($request = class Laminas\\Http\\PhpEnvironment\\Request { protected $metadata = []; protected $content = '{""supplier_id"":100157,""document_name"":""SupplierDocument""}'; protected $version = '1.1'; protected $headers = class Laminas\\Http\\Headers { protected $pluginClassLoader = class Laminas\\Http\\HeaderLoader { ... }; protected $headersKeys = [...]; protected $headers = [...] }; protected $method = 'POST'; protected $allowCustomMethods = TRUE; protected $uri = class Laminas\\Uri\\Http { protected $scheme = 'https'; protected $userInfo = NULL; protected $host = '[qa32025.trxadedev.com|http://qa32025.trxadedev.com]'; protected $port = NULL; protected $path = '/ws/ESign-DocumentUrl'; protected $query = ''; protected $fragment = NULL; protected $validHostTypes = 27; protected $user = NULL; protected $password = NULL }; protected $queryParams = class Laminas\\Stdlib\\Parameters { private ${ArrayObject}storage = [...] }; protected $postParams = NULL; protected $fileParams...; PHP message: PHP   8. Laminas\\EventManager\\EventManager->triggerEventUntil($callback = class Closure { public $parameter = ['$test' => '<required>'] }, $event = class Laminas\\Mvc\\MvcEvent { protected $name = 'dispatch'; protected $target = class WebService\\Controller\\ESign\\DocumentUrlController { protected $plugins = class Laminas\\Mvc\\Controller\\PluginManager { ... }; protected $request = class Laminas\\Http\\PhpEnvironment\\Request { ... }; protected $response = class Laminas\\Http\\PhpEnvironment\\Response { ... }; protected $event = ...; protected $events = class Laminas\\EventManager\\EventManager { ... }; protected $eventIdentifier = 'Laminas\\\\Mvc\\\\Controller\\\\AbstractRestfulController'; protected $contentTypes = [...]; protected $identifierName = 'id'; protected $jsonDecodeType = TRUE; protected $customHttpMethodsMap = [...]; private bool ${Application\\Controller\\AbstractController}valid = TRUE; protected $bccDevEmail = NULL; protected $apiKey = ''; protected $userId = 0; protected $clientId = ''; p...; PHP message: PHP   9. Laminas\\EventManager\\EventManager->triggerListeners($event = class Laminas\\Mvc\\MvcEvent { protected $name = 'dispatch'; protected $target = class WebService\\Controller\\ESign\\DocumentUrlController { protected $plugins = class Laminas\\Mvc\\Controller\\PluginManager { ... }; protected $request = class Laminas\\Http\\PhpEnvironment\\Request { ... }; protected $response = class Laminas\\Http\\PhpEnvironment\\Response { ... }; protected $event = ...; protected $events = class Laminas\\EventManager\\EventManager { ... }; protected $eventIdentifier = 'Laminas\\\\Mvc\\\\Controller\\\\AbstractRestfulController'; protected $contentTypes = [...]; protected $identifierName = 'id'; protected $jsonDecodeType = TRUE; protected $customHttpMethodsMap = [...]; private bool ${Application\\Controller\\AbstractController}valid = TRUE; protected $bccDevEmail = NULL; protected $apiKey = ''; protected $userId = 0; protected $clientId = ''; protected $eventType = ''; protected $callbackPost = NULL; protected $signedDoc...; PHP message: PHP  10. Application\\Controller\\AbstractController->onDispatch($event = class Laminas\\Mvc\\MvcEvent { protected $name = 'dispatch'; protected $target = class WebService\\Controller\\ESign\\DocumentUrlController { protected $plugins = class Laminas\\Mvc\\Controller\\PluginManager { ... }; protected $request = class Laminas\\Http\\PhpEnvironment\\Request { ... }; protected $re
[Wed Mar 18 08:13:58.334993 2026] [proxy_fcgi:error] [pid 1500897:tid 1500991] [client 103.168.80.101:11210] AH01071: Got error ' 'id'; protected $jsonDecodeType = TRUE; protected $customHttpMethodsMap = [...]; private bool ${Application\\Controller\\AbstractController}valid = TRUE; protected $bccDevEmail = NULL; protected $apiKey = ''; protected $userId = 0; protected $clientId = ''; protected $eventType = ''; protected $callbackPost = NULL; protected $signedD...; PHP message: PHP  11. Laminas\\Mvc\\Controller\\AbstractRestfulController->onDispatch($e = class Laminas\\Mvc\\MvcEvent { protected $name = 'dispatch'; protected $target = class WebService\\Controller\\ESign\\DocumentUrlController { protected $plugins = class Laminas\\Mvc\\Controller\\PluginManager { ... }; protected $request = class Laminas\\Http\\PhpEnvironment\\Request { ... }; protected $response = class Laminas\\Http\\PhpEnvironment\\Response { ... }; protected $event = ...; protected $events = class Laminas\\EventManager\\EventManager { ... }; protected $eventIdentifier = 'Laminas\\\\Mvc\\\\Controller\\\\AbstractRestfulController'; protected $contentTypes = [...]; protected $identifierName = 'id'; protected $jsonDecodeType = TRUE; protected $customHttpMethodsMap = [...]; private bool ${Application\\Controller\\AbstractController}valid = TRUE; protected $bccDevEmail = NULL; protected $apiKey = ''; protected $userId = 0; protected $clientId = ''; protected $eventType = ''; protected $callbackPost = NULL; protected $sign...; PHP message: PHP  12. Application\\Controller\\AbstractController->processPostData($request = class Laminas\\Http\\PhpEnvironment\\Request { protected $metadata = []; protected $content = '{""supplier_id"":100157,""document_name"":""SupplierDocument""}'; protected $version = '1.1'; protected $headers = class Laminas\\Http\\Headers { protected $pluginClassLoader = class Laminas\\Http\\HeaderLoader { ... }; protected $headersKeys = [...]; protected $headers = [...] }; protected $method = 'POST'; protected $allowCustomMethods = TRUE; protected $uri = class Laminas\\Uri\\Http { protected $scheme = 'https'; protected $userInfo = NULL; protected $host = '[qa32025.trxadedev.com|http://qa32025.trxadedev.com]'; protected $port = NULL; protected $path = '/ws/ESign-DocumentUrl'; protected $query = ''; protected $fragment = NULL; protected $validHostTypes = 27; protected $user = NULL; protected $password = NULL }; protected $queryParams = class Laminas\\Stdlib\\Parameters { private ${ArrayObject}storage = [...] }; protected $postParams = NULL; protected $fil...; PHP message: PHP  13. WebService\\Controller\\ESign\\DocumentUrlController->create($data = ['supplier_id' => 100157, 'document_name' => 'SupplierDocument']) /srv/www/home/qa3/trxade/server/module/Application/src/Application/Controller/AbstractController.php:266; PHP message: PHP  14. Model\\Model\\DropBoxSignModel->buildDocument($client = class Application\\Service\\DropBoxSign\\Client { public $signatureApi = class Dropbox\\Sign\\Api\\SignatureRequestApi { protected $client = class GuzzleHttp\\Client { ... }; protected $config = class Dropbox\\Sign\\Configuration { ... }; protected $headerSelector = class Dropbox\\Sign\\HeaderSelector { ... }; protected $hostIndex = 0; protected $response = NULL }; public $embeddedApi = class Dropbox\\Sign\\Api\\EmbeddedApi { protected $client = class GuzzleHttp\\Client { ... }; protected $config = class Dropbox\\Sign\\Configuration { ... }; protected $headerSelector = class Dropbox\\Sign\\HeaderSelector { ... }; protected $hostIndex = 0; protected $response = NULL }; public $accountApi = NULL; public $templateApi = class Dropbox\\Sign\\Api\\TemplateApi { protected $client = class GuzzleHttp\\Client { ... }; protected $config = class Dropbox\\Sign\\Configuration { ... }; protected $headerSelector = class Dropbox\\Sign\\HeaderSelector { ... }; protec...; PHP message: PHP  15. Application\\Service\\DropBoxSign\\TemplateRequest->setTemplateFields($userData = ['Date' => '03-18-2026', 'user_id' => 124812, 'username' => 'GN2499249', 'email' => 'gnr.mca@gmail.com', 'active' => 1, 'approved' => 1, 'reg_date' => 1773831087, 'tax_reg_number' => 'SZ2499249', 'stripe_account_status' => 'Not Setup', 'legal_fax' => '', 'legal_contact_name' => 'Primary Contact Fn Primary Contact Ln', 'legal_contact_email' => 'gnr.mca@gmail.com', 'legal_contact_title' => 'Primary Contact Position', 'dea_license_num' => 'SZ2499249', 'legal_address' => 'Test Legal Address', 'legal_city' => 'New York', 'legal_zip' => '10005', 'legal_phone' => '9879876548', 'dea_license_expire' => '2029-12-31', 'state_license_num' => 'SZ2499249', 'state_license_expire' => '2029-12-31', 'legal_state' => 'NY', 'legal_trade_name' => 'Gn Retail Buyer 99', 'legal_company_name' => 'Gn Retail Buyer 99', 'website' => '', 'status_340B' => 0, 'npi_license_num' => '2499249', 'billing_address_id' => 17805, 'accoun...', referer: [https://qa32025.trxadedev.com/market/cart|https://qa32025.trxadedev.com/market/cart|smart-link] ",,Nagarjuna Reddy,Tamminana Lakshmi,,,,712020:3db4fd6d-5393-4a21-a78d-2d8272476330,712020:a2d5e83c-fbf4-4fec-8c09-fc8cbe2e0db1,,,,,,,,,,,,,,TRX-11530,,,,,,,,17/Apr/26 6:53 AM;712020:a2d5e83c-fbf4-4fec-8c09-fc8cbe2e0db1;image-20260417-105022.png;https://mmsrx.atlassian.net/rest/api/3/attachment/content/151128,17/Apr/26 6:53 AM;712020:a2d5e83c-fbf4-4fec-8c09-fc8cbe2e0db1;image-20260417-105058.png;https://mmsrx.atlassian.net/rest/api/3/attachment/content/151129,17/Apr/26 6:53 AM;712020:a2d5e83c-fbf4-4fec-8c09-fc8cbe2e0db1;image-20260417-105220.png;https://mmsrx.atlassian.net/rest/api/3/attachment/content/151130,17/Apr/26 6:53 AM;712020:a2d5e83c-fbf4-4fec-8c09-fc8cbe2e0db1;image-20260417-105303.png;https://mmsrx.atlassian.net/rest/api/3/attachment/content/151132,17/Apr/26 6:53 AM;712020:a2d5e83c-fbf4-4fec-8c09-fc8cbe2e0db1;image-20260417-105348.png;https://mmsrx.atlassian.net/rest/api/3/attachment/content/151131,20/Apr/26 11:10 AM;712020:3db4fd6d-5393-4a21-a78d-2d8272476330;image-20260420-150938.png;https://mmsrx.atlassian.net/rest/api/3/attachment/content/151520,22/Apr/26 11:44 PM;712020:3db4fd6d-5393-4a21-a78d-2d8272476330;image-20260423-034249.png;https://mmsrx.atlassian.net/rest/api/3/attachment/content/152096,22/Apr/26 11:44 PM;712020:3db4fd6d-5393-4a21-a78d-2d8272476330;image-20260423-034316.png;https://mmsrx.atlassian.net/rest/api/3/attachment/content/152095,22/Apr/26 11:44 PM;712020:3db4fd6d-5393-4a21-a78d-2d8272476330;image-20260423-034355.png;https://mmsrx.atlassian.net/rest/api/3/attachment/content/152094,,,,,,,,,,,,,,,,,,,,,,,,,,,,,,,,,,,,com.atlassian.servicedesk.plugins.approvals.internal.customfield.ApprovalsCFValue@6627a5ea,,,,,,,,,,,,,,1,,,,"{pullrequest={dataType=pullrequest, state=MERGED, stateCount=1}, json={""cachedValue"":{""errors"":[],""summary"":{""pullrequest"":{""overall"":{""count"":1,""lastUpdated"":""2026-04-22T05:03:45.000-0400"",""stateCount"":1,""state"":""MERGED"",""dataType"":""pullrequest"",""open"":false},""byInstanceType"":{""GitHub"":{""count"":1,""name"":""GitHub""}}}}},""isStale"":true}}",,,,,,,,,,,,,,,,,,,,,,,,,,,,2|00nz00:ui01000063khzv0301i000f,0.0,,,,,,Enter any SQL related to this task here.,,,,,TRX Sprint 227,,,,,,,,,,,,,,2.0,,,,,,,,,,,,,,,,,2026-04-17 10:53:56.933,10081_*:*_1_*:*_2925_*|*_10083_*:*_1_*:*_255669781_*|*_10075_*:*_1_*:*_4931_*|*_10074_*:*_1_*:*_97217931_*|*_10000_*:*_1_*:*_607968094_*|*_10077_*:*_1_*:*_7230040_*|*_10110_*:*_1_*:*_8980324_*|*_10088_*:*_1_*:*_0_*|*_10087_*:*_1_*:*_9792776_*|*_10078_*:*_1_*:*_1874831993_*|*_10089_*:*_1_*:*_150803370,"17/Apr/26 6:53 AM;712020:a2d5e83c-fbf4-4fec-8c09-fc8cbe2e0db1;Branch Name : bugfix/TRX-11538

Branch From : development

Buyer DEA: QQ1234500

Supplier DEA: DM12345678

!image-20260417-105022.png|width=841,alt=""image-20260417-105022.png""!

!image-20260417-105058.png|width=826,alt=""image-20260417-105058.png""!

Before Fix : when i click on Apply Now

!image-20260417-105220.png|width=826,alt=""image-20260417-105220.png""!

After Fix : No warning in error log

!image-20260417-105303.png|width=826,alt=""image-20260417-105303.png""!

!image-20260417-105348.png|width=826,alt=""image-20260417-105348.png""!","20/Apr/26 11:10 AM;712020:3db4fd6d-5393-4a21-a78d-2d8272476330;Pretest: Passed

Environment: QA32025

Branch: feature/TRX-11538

Completed Apply Now with Esign and Email Modal 

No warnings are displayed in the error_log.

!image-20260420-150938.png|width=1030,alt=""image-20260420-150938.png""!

 ","22/Apr/26 5:28 AM;712020:3db4fd6d-5393-4a21-a78d-2d8272476330;Verify test: Passed

Environment: QA32025

Branch: development

Completed Apply Now with Esign and Email Modal

No warnings are displayed. 



!image-20260423-034249.png|width=968,alt=""image-20260423-034249.png""!

!image-20260423-034355.png|width=968,alt=""image-20260423-034355.png""!



!image-20260423-034316.png|width=968,alt=""image-20260423-034316.png""!",,,,,,,,,,,,Done,22/Apr/26 11:49 PM
Display the newly created Display Pack Size in the Pack Size field,TRX-11531,129311,Story,Waiting for Code Review,TRX,PrimeRx MARKET,software,Jeff Davis,712020:d5794e34-9434-4617-80c7-3bdd8d1daf78,,Medium,,Tamminana Lakshmi,712020:a2d5e83c-fbf4-4fec-8c09-fc8cbe2e0db1,Kelsey Wesley,712020:b9fe53c8-6f3f-4a69-894e-40bc65cb89a5,Kelsey Wesley,712020:b9fe53c8-6f3f-4a69-894e-40bc65cb89a5,18/Mar/26 6:02 AM,05/May/26 8:33 AM,,,,MKT-3.4.3,PrimeRx Market Website,,0,,,"As a Buyer, I would like to see the Display Pack Size in search results so that it's clear what the pack size is for the product I'm looking to purchase.

UAC

# On search results display the Display Pack Size (new field *display_pack_size* created in ITP-1056) in the pack size field
## this includes Favorites, Cart, Quick Cart, Recommended Products, Change Suppliers, anywhere the Pack size field displays

!image-20260318-100754.png|width=1148,alt=""image-20260318-100754.png""!",,Kelsey Wesley,Neha Reddy Mandli,Tamminana Lakshmi,,,712020:b9fe53c8-6f3f-4a69-894e-40bc65cb89a5,712020:f6570a0c-ef4c-4a7c-83ff-1a460eaf4935,712020:a2d5e83c-fbf4-4fec-8c09-fc8cbe2e0db1,,,,,,,,,,,,ITP-1056,,,,,,,,,18/Mar/26 6:07 AM;712020:b9fe53c8-6f3f-4a69-894e-40bc65cb89a5;image-20260318-100754.png;https://mmsrx.atlassian.net/rest/api/3/attachment/content/145512,13/Apr/26 7:47 AM;712020:a2d5e83c-fbf4-4fec-8c09-fc8cbe2e0db1;image-20260413-114319.png;https://mmsrx.atlassian.net/rest/api/3/attachment/content/149870,15/Apr/26 7:56 AM;712020:a2d5e83c-fbf4-4fec-8c09-fc8cbe2e0db1;image-20260414-151928.png;https://mmsrx.atlassian.net/rest/api/3/attachment/content/150458,15/Apr/26 7:56 AM;712020:a2d5e83c-fbf4-4fec-8c09-fc8cbe2e0db1;image-20260414-152211.png;https://mmsrx.atlassian.net/rest/api/3/attachment/content/150451,15/Apr/26 7:56 AM;712020:a2d5e83c-fbf4-4fec-8c09-fc8cbe2e0db1;image-20260414-152258.png;https://mmsrx.atlassian.net/rest/api/3/attachment/content/150456,15/Apr/26 7:56 AM;712020:a2d5e83c-fbf4-4fec-8c09-fc8cbe2e0db1;image-20260414-152500.png;https://mmsrx.atlassian.net/rest/api/3/attachment/content/150454,15/Apr/26 7:56 AM;712020:a2d5e83c-fbf4-4fec-8c09-fc8cbe2e0db1;image-20260414-152637.png;https://mmsrx.atlassian.net/rest/api/3/attachment/content/150457,15/Apr/26 7:56 AM;712020:a2d5e83c-fbf4-4fec-8c09-fc8cbe2e0db1;image-20260414-152724.png;https://mmsrx.atlassian.net/rest/api/3/attachment/content/150450,15/Apr/26 7:56 AM;712020:a2d5e83c-fbf4-4fec-8c09-fc8cbe2e0db1;image-20260414-152826.png;https://mmsrx.atlassian.net/rest/api/3/attachment/content/150455,15/Apr/26 7:56 AM;712020:a2d5e83c-fbf4-4fec-8c09-fc8cbe2e0db1;image-20260414-152847.png;https://mmsrx.atlassian.net/rest/api/3/attachment/content/150460,15/Apr/26 7:56 AM;712020:a2d5e83c-fbf4-4fec-8c09-fc8cbe2e0db1;image-20260414-152936.png;https://mmsrx.atlassian.net/rest/api/3/attachment/content/150459,15/Apr/26 7:56 AM;712020:a2d5e83c-fbf4-4fec-8c09-fc8cbe2e0db1;image-20260414-153134.png;https://mmsrx.atlassian.net/rest/api/3/attachment/content/150453,15/Apr/26 7:56 AM;712020:a2d5e83c-fbf4-4fec-8c09-fc8cbe2e0db1;image-20260414-153225.png;https://mmsrx.atlassian.net/rest/api/3/attachment/content/150452,,,,,,,,,,,,,,,,,,,,,,,,,,,,,,,,com.atlassian.servicedesk.plugins.approvals.internal.customfield.ApprovalsCFValue@539bd985,,,,,,,,,,,,,,1,,,,"{pullrequest={dataType=pullrequest, state=OPEN, stateCount=1}, json={""cachedValue"":{""errors"":[],""summary"":{""pullrequest"":{""overall"":{""count"":1,""lastUpdated"":""2026-05-05T09:26:01.000-0400"",""stateCount"":1,""state"":""OPEN"",""dataType"":""pullrequest"",""open"":true},""byInstanceType"":{""GitHub"":{""count"":1,""name"":""GitHub""}}}}},""isStale"":true}}",,,,,,,,,,,,,,,,,,,,,,,,,,,,2|00nz00:ui01000063khzv0301i000003v,0.0,,,,,,Enter any SQL related to this task here.,,,,,TRX Sprint 227,TRX Sprint 228,,,,,,,,,,,,,3.0,,,,,,,,,,,,,,,,,2026-04-13 11:47:43.498,,"01/Apr/26 11:50 AM;712020:b9fe53c8-6f3f-4a69-894e-40bc65cb89a5;Need to re-estimate, was estimated without full UAC","13/Apr/26 7:47 AM;712020:a2d5e83c-fbf4-4fec-8c09-fc8cbe2e0db1;[~accountid:712020:b9fe53c8-6f3f-4a69-894e-40bc65cb89a5] 

after executing query from [https://mmsrx.atlassian.net/browse/ITP-1056|https://mmsrx.atlassian.net/browse/ITP-1056|smart-link]   in my db rxt_product table display_pack_size field  updated with values.

if we check in FE. displaying like below 500 ea is display_pack_size value and  another ea is from package_size_um.

!image-20260413-114319.png|width=825,alt=""image-20260413-114319.png""!

Please confirm whether we need to keep only _display_pack_size_ in place of the package size field, or if _package_size_um_ is also required. ?","13/Apr/26 8:20 AM;712020:b9fe53c8-6f3f-4a69-894e-40bc65cb89a5;[~accountid:712020:a2d5e83c-fbf4-4fec-8c09-fc8cbe2e0db1] Yes UOM also needs to display, just like it does now","15/Apr/26 7:56 AM;712020:a2d5e83c-fbf4-4fec-8c09-fc8cbe2e0db1;Branch Name : feature/TRX-11531

Branch From : development

Note : Run sql query in [https://mmsrx.atlassian.net/browse/ITP-1056|https://mmsrx.atlassian.net/browse/ITP-1056|smart-link] task before start testing this task.

!image-20260414-152211.png|width=826,alt=""image-20260414-152211.png""!



!image-20260414-151928.png|width=841,alt=""image-20260414-151928.png""!

Now i m changing the value in “[Add New Product to Database|https://tamminana2025.trxadedev.com/admin/add_new_product.php]“  for NDC “[+64980027903+|https://tamminana2025.trxadedev.com/market/search?searchTerm=64980027903&catCode=All&NDCSpecific=true]“

!image-20260414-152258.png|width=826,alt=""image-20260414-152258.png""!

!image-20260414-152500.png|width=826,alt=""image-20260414-152500.png""!

In cart 

!image-20260414-152637.png|width=826,alt=""image-20260414-152637.png""!



!image-20260414-152724.png|width=826,alt=""image-20260414-152724.png""!



Change supplier 

!image-20260414-152826.png|width=826,alt=""image-20260414-152826.png""!

!image-20260414-152847.png|width=826,alt=""image-20260414-152847.png""!



Recommended products 

!image-20260414-152936.png|width=826,alt=""image-20260414-152936.png""!

Quick cart 

!image-20260414-153134.png|width=826,alt=""image-20260414-153134.png""!

Favorites 

!image-20260414-153225.png|width=826,alt=""image-20260414-153225.png""!",17/Apr/26 8:52 AM;712020:a2d5e83c-fbf4-4fec-8c09-fc8cbe2e0db1;[~accountid:712020:f6570a0c-ef4c-4a7c-83ff-1a460eaf4935] [~accountid:712020:b9fe53c8-6f3f-4a69-894e-40bc65cb89a5]  As i had discussion with [~accountid:712020:d0e433d0-6ae0-48a4-8dfa-058f141f9d43]  in staging database in rxt_product table  for some products display_pack_size is empty  but package-size and package_size_um is having the values in this  case do i need to consider  (package_size and package_size_um)  as display_pack_size  Please Confirm.,17/Apr/26 10:11 AM;712020:b9fe53c8-6f3f-4a69-894e-40bc65cb89a5;[~accountid:712020:a2d5e83c-fbf4-4fec-8c09-fc8cbe2e0db1] Do we know why it’s empty in those cases? [~accountid:712020:f6570a0c-ef4c-4a7c-83ff-1a460eaf4935] ,"17/Apr/26 10:13 AM;712020:f6570a0c-ef4c-4a7c-83ff-1a460eaf4935;[~accountid:712020:b9fe53c8-6f3f-4a69-894e-40bc65cb89a5] There are NDC’s which were in gssd but not in fdb. If they are not in FDB, it will be empty since the column was filled based on fdb data. we can use the existing product table info to populate the empty ones, but it won’t be accurate data in all cases.",17/Apr/26 10:23 AM;712020:b9fe53c8-6f3f-4a69-894e-40bc65cb89a5;[~accountid:712020:f6570a0c-ef4c-4a7c-83ff-1a460eaf4935] [~accountid:712020:d5794e34-9434-4617-80c7-3bdd8d1daf78] should we leave display pack size empty in this case or use what is in the pack size field if it has values in this instance?,"17/Apr/26 10:41 AM;712020:f6570a0c-ef4c-4a7c-83ff-1a460eaf4935;[~accountid:712020:b9fe53c8-6f3f-4a69-894e-40bc65cb89a5] Would we be displaying both display package size and package size in FE? If so then we can probably leave it empty.
If not we should at least display it in FE pulling old column data but not actually changing db field for display package size. That way we have some way to verify it in future if anyone complains. ",20/Apr/26 10:26 AM;712020:b9fe53c8-6f3f-4a69-894e-40bc65cb89a5;[~accountid:712020:f6570a0c-ef4c-4a7c-83ff-1a460eaf4935] We definitely don’t want to display both. We can display it in FE like you said but not changing db field.,"22/Apr/26 10:15 AM;712020:a2d5e83c-fbf4-4fec-8c09-fc8cbe2e0db1;Branch Name : feature/TRX-11531

Branch From : development

QA need to test 

cart

search and inline search

categories

favorites

quick cart

recommended products

SOL page

change supplier

multi search page",,,,In Progress,09/Apr/26 6:03 AM
Add field on Pharmacy Message page to add name and store it for reporting,TRX-11517,127971,Story,Done,TRX,PrimeRx MARKET,software,Jeff Davis,712020:d5794e34-9434-4617-80c7-3bdd8d1daf78,,Medium,Done,Tamminana Lakshmi,712020:a2d5e83c-fbf4-4fec-8c09-fc8cbe2e0db1,Kelsey Wesley,712020:b9fe53c8-6f3f-4a69-894e-40bc65cb89a5,Kelsey Wesley,712020:b9fe53c8-6f3f-4a69-894e-40bc65cb89a5,11/Mar/26 11:07 AM,29/Apr/26 9:35 AM,,28/Apr/26 5:53 AM,,MKT-3.4.3,PrimeRx Market Website,,0,,,"As a Marketing Rep, I would like the ability to name a Pharmacy Message so I can track analytics by name when looking at reporting.

UAC

# Add a text field on Pharmacy Message page in Admin
## field label: *Pharmacy Message Name*
# Store Pharmacy Message Name when Save Changes is clicked 
# Store date Pharmacy Message 
## start date (optional to enter)
## end date (optional to enter)

!image-20260311-152630.png|width=1148,alt=""image-20260311-152630.png""!",,Kelsey Wesley,Radhika Kopparapu,Tamminana Lakshmi,,,712020:b9fe53c8-6f3f-4a69-894e-40bc65cb89a5,712020:6179edff-4ad9-4d94-bb3d-97dc682dfe18,712020:a2d5e83c-fbf4-4fec-8c09-fc8cbe2e0db1,,,,,,,,,,,TRX-11509,,,,,,TRX-11640,,,,24/Apr/26 10:25 AM;712020:6179edff-4ad9-4d94-bb3d-97dc682dfe18;AllFileds.png;https://mmsrx.atlassian.net/rest/api/3/attachment/content/152585,24/Apr/26 10:25 AM;712020:6179edff-4ad9-4d94-bb3d-97dc682dfe18;PharmacyMessageName.png;https://mmsrx.atlassian.net/rest/api/3/attachment/content/152586,24/Apr/26 10:25 AM;712020:6179edff-4ad9-4d94-bb3d-97dc682dfe18;PleaseFillInThisFieldMsg.png;https://mmsrx.atlassian.net/rest/api/3/attachment/content/152584,11/Mar/26 11:26 AM;712020:b9fe53c8-6f3f-4a69-894e-40bc65cb89a5;image-20260311-152630.png;https://mmsrx.atlassian.net/rest/api/3/attachment/content/144385,21/Apr/26 11:21 AM;712020:a2d5e83c-fbf4-4fec-8c09-fc8cbe2e0db1;image-20260421-144220.png;https://mmsrx.atlassian.net/rest/api/3/attachment/content/151729,21/Apr/26 11:21 AM;712020:a2d5e83c-fbf4-4fec-8c09-fc8cbe2e0db1;image-20260421-152152.png;https://mmsrx.atlassian.net/rest/api/3/attachment/content/151730,21/Apr/26 11:24 AM;712020:a2d5e83c-fbf4-4fec-8c09-fc8cbe2e0db1;image-20260421-152245.png;https://mmsrx.atlassian.net/rest/api/3/attachment/content/151733,21/Apr/26 11:24 AM;712020:a2d5e83c-fbf4-4fec-8c09-fc8cbe2e0db1;image-20260421-152329.png;https://mmsrx.atlassian.net/rest/api/3/attachment/content/151732,21/Apr/26 11:24 AM;712020:a2d5e83c-fbf4-4fec-8c09-fc8cbe2e0db1;image-20260421-152435.png;https://mmsrx.atlassian.net/rest/api/3/attachment/content/151731,28/Apr/26 5:52 AM;712020:6179edff-4ad9-4d94-bb3d-97dc682dfe18;image-20260428-094854.png;https://mmsrx.atlassian.net/rest/api/3/attachment/content/153157,28/Apr/26 5:52 AM;712020:6179edff-4ad9-4d94-bb3d-97dc682dfe18;image-20260428-095015.png;https://mmsrx.atlassian.net/rest/api/3/attachment/content/153155,28/Apr/26 5:52 AM;712020:6179edff-4ad9-4d94-bb3d-97dc682dfe18;image-20260428-095218.png;https://mmsrx.atlassian.net/rest/api/3/attachment/content/153156,,,,,,,,,,,,,,,,,,,,,,,,,,,,,,,,,com.atlassian.servicedesk.plugins.approvals.internal.customfield.ApprovalsCFValue@1767f5b3,,,,,,,,,,,,,,1,,,,"{pullrequest={dataType=pullrequest, state=MERGED, stateCount=1}, json={""cachedValue"":{""errors"":[],""summary"":{""pullrequest"":{""overall"":{""count"":1,""lastUpdated"":""2026-04-28T04:53:31.000-0400"",""stateCount"":1,""state"":""MERGED"",""dataType"":""pullrequest"",""open"":false},""byInstanceType"":{""GitHub"":{""count"":1,""name"":""GitHub""}}}}},""isStale"":true}}",,,,,,,,,,,,,,,,,,,,,,,,,,,,2|00nz00:ui01000063khzv0301i000ft,0.0,,,,,,"ALTER TABLE `rxPb_content_pages`
ADD `start_date` DATE NOT NULL DEFAULT ""0000-00-00"",
ADD `end_date` DATE NOT NULL DEFAULT ""0000-00-00"";",,,,,TRX Sprint 227,,,,,,,,,,,,,,2.0,,,,,,,,,,,,,,,,,2026-04-21 15:22:00.191,10081_*:*_1_*:*_8679920_*|*_10083_*:*_1_*:*_9293201_*|*_10075_*:*_1_*:*_765608514_*|*_10086_*:*_1_*:*_0_*|*_10074_*:*_1_*:*_362003463_*|*_10109_*:*_1_*:*_3877847_*|*_10000_*:*_1_*:*_1207087909_*|*_10077_*:*_1_*:*_605999238_*|*_10110_*:*_1_*:*_233531879_*|*_10088_*:*_1_*:*_3556795_*|*_10078_*:*_1_*:*_603090776_*|*_10089_*:*_1_*:*_325625457_*|*_10103_*:*_1_*:*_2635,"21/Apr/26 11:22 AM;712020:a2d5e83c-fbf4-4fec-8c09-fc8cbe2e0db1;!image-20260421-152152.png|width=881,alt=""image-20260421-152152.png""!

!image-20260421-152245.png|width=868,alt=""image-20260421-152245.png""!



!image-20260421-152329.png|width=868,alt=""image-20260421-152329.png""!

!image-20260421-152435.png|width=868,alt=""image-20260421-152435.png""!



!image-20260421-144220.png|width=896,alt=""image-20260421-144220.png""!","24/Apr/26 9:23 AM;712020:6179edff-4ad9-4d94-bb3d-97dc682dfe18;*Pre Test*: Passed

*Env:* qa32025

*Branch:* [feature/TRX-11517|https://github.com/mms-product/Marketplace-Core/tree/feature%2FTRX-11517]

*Case1:* 

Verify that the field label is displayed as ‘*Pharmacy Message Name*’.”

*Case2:* “Verify that the message ‘*Please fill in this field*’ is displayed when the Save button is clicked without entering any data.” - Attached *PleaseFillInThisFieldMsg screenshot*

*Case3:* Verify that the entered ‘Pharmacy Message Name’ is retained when the Save Changes button is clicked without entering the Start Date and End Date.” - Attached *PharmacyMessageName* screenshot

*Case4:* After entering Pharmacy Message Name, Start Date, and End Date, click Save Changes and confirm that the data persists after page reload. - Attached *AllFileds* screenshot","28/Apr/26 5:23 AM;712020:6179edff-4ad9-4d94-bb3d-97dc682dfe18;*Verify Test*: Passed

*Env:* qa12025

*Branch:* [release/Nova_3.4.3|https://github.com/mms-product/Marketplace-Core/tree/release%2FNova_3.4.3]

*Steps:*

1.Login as Admin

2.Navigate to Site Content->Edit Pharmacy Message

*Case1:*

Verify that the field label is displayed as ‘*Pharmacy Message Name*’.”

*Case2:* “Verify that the message ‘*Please fill in this field*’ is displayed when the Save button is clicked without entering any data.” 

!image-20260428-094854.png|width=561,alt=""image-20260428-094854.png""!

*Case3:* Verify that the entered ‘Pharmacy Message Name’ is retained when the Save Changes button is clicked without entering the Start Date and End Date.

!image-20260428-095015.png|width=561,alt=""image-20260428-095015.png""!

*Case4:* After entering Pharmacy Message Name, Start Date, and End Date, click Save Changes and confirm that the data persists after page reload. 

!image-20260428-095218.png|width=561,alt=""image-20260428-095218.png""!",,,,,,,,,,,,Done,28/Apr/26 5:52 AM
"If a transaction status is changed to Unaccepted, change Qty fulfilled to 0 automatically",TRX-11497,125480,Story,Business Acceptance,TRX,PrimeRx MARKET,software,Jeff Davis,712020:d5794e34-9434-4617-80c7-3bdd8d1daf78,,Medium,,Tamminana Lakshmi,712020:a2d5e83c-fbf4-4fec-8c09-fc8cbe2e0db1,Kelsey Wesley,712020:b9fe53c8-6f3f-4a69-894e-40bc65cb89a5,Kelsey Wesley,712020:b9fe53c8-6f3f-4a69-894e-40bc65cb89a5,26/Feb/26 6:36 PM,29/Apr/26 6:11 AM,,,,MKT-3.4.3,PrimeRx Market Website,,0,,,"As a Supplier, if I change the status on an items or an order to Unaccepted I would like the Qty to auto update to 0 so that the $ dollar amount isn’t included in the Amount Charged total

UAC

# If a transactions status is changed to Unaccepted, change Qty Offer on same transaction to 0 automatically when saved
# If a transactions status is changed from Unaccepted back to anything else (other than Item Cancelled), revert the Qty Offer if 0 to match the Qty Req when saved
## Some orders may be in Unaccepted status and need to be changed to Processed because they were partially fulfilled, in this instance the Customer Service team will be updating both the status and the Qty Offer and so we wouldn’t want the Qty Offer to revert to Qty Req because that number might be different. Only should revert if status is changed and saved and Qty Offer is still 0.



Need to cover scenarios

* Status manually changed to Unaccepted, no change to Qty Offer - when status update saved, should update Qty Req to 0 
* Status manually changed from Unaccepted to Processed, no change to Qty Offer- when status update saved, Qty Offer should revert to same as Qty Req #
* Status manually changed from Unaccepted to Processed, Qty Offer updated from 0 - when status update is save, no change to Qty Offer # is needed



If Unaccepted, instead of this

!image-20260226-235011.png|width=1086,alt=""image-20260226-235011.png""!

it should be this

!image-20260226-235243.png|width=1086,alt=""image-20260226-235243.png""!",,Kelsey Wesley,Ramalakshmi V,Tamminana Lakshmi,,,712020:b9fe53c8-6f3f-4a69-894e-40bc65cb89a5,712020:87914119-26d2-4a2c-be97-8681c0cefa89,712020:a2d5e83c-fbf4-4fec-8c09-fc8cbe2e0db1,,,,,,,,,,,,,ITP-1041,,,,TRX-11642,,,,26/Feb/26 6:52 PM;712020:b9fe53c8-6f3f-4a69-894e-40bc65cb89a5;image-20260226-235011.png;https://mmsrx.atlassian.net/rest/api/3/attachment/content/142110,26/Feb/26 6:52 PM;712020:b9fe53c8-6f3f-4a69-894e-40bc65cb89a5;image-20260226-235243.png;https://mmsrx.atlassian.net/rest/api/3/attachment/content/142109,03/Apr/26 12:49 PM;712020:a2d5e83c-fbf4-4fec-8c09-fc8cbe2e0db1;image-20260403-163511.png;https://mmsrx.atlassian.net/rest/api/3/attachment/content/148536,03/Apr/26 12:49 PM;712020:a2d5e83c-fbf4-4fec-8c09-fc8cbe2e0db1;image-20260403-163631.png;https://mmsrx.atlassian.net/rest/api/3/attachment/content/148535,03/Apr/26 12:49 PM;712020:a2d5e83c-fbf4-4fec-8c09-fc8cbe2e0db1;image-20260403-163822.png;https://mmsrx.atlassian.net/rest/api/3/attachment/content/148530,03/Apr/26 12:49 PM;712020:a2d5e83c-fbf4-4fec-8c09-fc8cbe2e0db1;image-20260403-163902.png;https://mmsrx.atlassian.net/rest/api/3/attachment/content/148532,03/Apr/26 12:49 PM;712020:a2d5e83c-fbf4-4fec-8c09-fc8cbe2e0db1;image-20260403-164244.png;https://mmsrx.atlassian.net/rest/api/3/attachment/content/148533,03/Apr/26 12:49 PM;712020:a2d5e83c-fbf4-4fec-8c09-fc8cbe2e0db1;image-20260403-164539.png;https://mmsrx.atlassian.net/rest/api/3/attachment/content/148531,03/Apr/26 12:49 PM;712020:a2d5e83c-fbf4-4fec-8c09-fc8cbe2e0db1;image-20260403-164746.png;https://mmsrx.atlassian.net/rest/api/3/attachment/content/148534,07/Apr/26 7:08 AM;712020:a2d5e83c-fbf4-4fec-8c09-fc8cbe2e0db1;image-20260407-110700.png;https://mmsrx.atlassian.net/rest/api/3/attachment/content/148848,08/Apr/26 7:43 AM;712020:a2d5e83c-fbf4-4fec-8c09-fc8cbe2e0db1;image-20260408-114308.png;https://mmsrx.atlassian.net/rest/api/3/attachment/content/149118,09/Apr/26 4:49 AM;712020:a2d5e83c-fbf4-4fec-8c09-fc8cbe2e0db1;image-20260409-082000.png;https://mmsrx.atlassian.net/rest/api/3/attachment/content/149266,09/Apr/26 4:49 AM;712020:a2d5e83c-fbf4-4fec-8c09-fc8cbe2e0db1;image-20260409-082800.png;https://mmsrx.atlassian.net/rest/api/3/attachment/content/149271,09/Apr/26 4:49 AM;712020:a2d5e83c-fbf4-4fec-8c09-fc8cbe2e0db1;image-20260409-083244.png;https://mmsrx.atlassian.net/rest/api/3/attachment/content/149269,09/Apr/26 4:49 AM;712020:a2d5e83c-fbf4-4fec-8c09-fc8cbe2e0db1;image-20260409-083824.png;https://mmsrx.atlassian.net/rest/api/3/attachment/content/149270,09/Apr/26 4:49 AM;712020:a2d5e83c-fbf4-4fec-8c09-fc8cbe2e0db1;image-20260409-084142.png;https://mmsrx.atlassian.net/rest/api/3/attachment/content/149265,09/Apr/26 4:50 AM;712020:a2d5e83c-fbf4-4fec-8c09-fc8cbe2e0db1;image-20260409-084303.png;https://mmsrx.atlassian.net/rest/api/3/attachment/content/149272,09/Apr/26 4:50 AM;712020:a2d5e83c-fbf4-4fec-8c09-fc8cbe2e0db1;image-20260409-084425.png;https://mmsrx.atlassian.net/rest/api/3/attachment/content/149273,09/Apr/26 4:49 AM;712020:a2d5e83c-fbf4-4fec-8c09-fc8cbe2e0db1;image-20260409-084538.png;https://mmsrx.atlassian.net/rest/api/3/attachment/content/149267,09/Apr/26 4:49 AM;712020:a2d5e83c-fbf4-4fec-8c09-fc8cbe2e0db1;image-20260409-084909.png;https://mmsrx.atlassian.net/rest/api/3/attachment/content/149268,13/Apr/26 8:13 AM;712020:87914119-26d2-4a2c-be97-8681c0cefa89;image-20260413-121326.png;https://mmsrx.atlassian.net/rest/api/3/attachment/content/149871,13/Apr/26 8:16 AM;712020:87914119-26d2-4a2c-be97-8681c0cefa89;image-20260413-121559.png;https://mmsrx.atlassian.net/rest/api/3/attachment/content/149872,13/Apr/26 8:22 AM;712020:87914119-26d2-4a2c-be97-8681c0cefa89;image-20260413-122213.png;https://mmsrx.atlassian.net/rest/api/3/attachment/content/149873,13/Apr/26 8:23 AM;712020:87914119-26d2-4a2c-be97-8681c0cefa89;image-20260413-122308.png;https://mmsrx.atlassian.net/rest/api/3/attachment/content/149874,13/Apr/26 8:23 AM;712020:87914119-26d2-4a2c-be97-8681c0cefa89;image-20260413-122341.png;https://mmsrx.atlassian.net/rest/api/3/attachment/content/149875,13/Apr/26 8:26 AM;712020:87914119-26d2-4a2c-be97-8681c0cefa89;image-20260413-122624.png;https://mmsrx.atlassian.net/rest/api/3/attachment/content/149876,16/Apr/26 1:53 AM;712020:87914119-26d2-4a2c-be97-8681c0cefa89;image-20260416-055042.png;https://mmsrx.atlassian.net/rest/api/3/attachment/content/150723,16/Apr/26 1:54 AM;712020:87914119-26d2-4a2c-be97-8681c0cefa89;image-20260416-055153.png;https://mmsrx.atlassian.net/rest/api/3/attachment/content/150726,16/Apr/26 1:54 AM;712020:87914119-26d2-4a2c-be97-8681c0cefa89;image-20260416-055303.png;https://mmsrx.atlassian.net/rest/api/3/attachment/content/150725,16/Apr/26 1:53 AM;712020:87914119-26d2-4a2c-be97-8681c0cefa89;image-20260416-055352.png;https://mmsrx.atlassian.net/rest/api/3/attachment/content/150724,16/Apr/26 2:03 AM;712020:87914119-26d2-4a2c-be97-8681c0cefa89;image-20260416-055931.png;https://mmsrx.atlassian.net/rest/api/3/attachment/content/150729,16/Apr/26 2:03 AM;712020:87914119-26d2-4a2c-be97-8681c0cefa89;image-20260416-060146.png;https://mmsrx.atlassian.net/rest/api/3/attachment/content/150727,16/Apr/26 2:03 AM;712020:87914119-26d2-4a2c-be97-8681c0cefa89;image-20260416-060251.png;https://mmsrx.atlassian.net/rest/api/3/attachment/content/150728,,,,,,,,,,,,com.atlassian.servicedesk.plugins.approvals.internal.customfield.ApprovalsCFValue@1a761a2a,,,,,,,,,,,,,,1,,,,"{pullrequest={dataType=pullrequest, state=MERGED, stateCount=1}, json={""cachedValue"":{""errors"":[],""summary"":{""pullrequest"":{""overall"":{""count"":1,""lastUpdated"":""2026-04-15T09:41:59.000-0400"",""stateCount"":1,""state"":""MERGED"",""dataType"":""pullrequest"",""open"":false},""byInstanceType"":{""GitHub"":{""count"":1,""name"":""GitHub""}}}}},""isStale"":true}}",,,,,,,,,,,,,,,,,,,,,,,,,,,,2|00nz00:ui01000063khzv0301i1v,0.0,,,,,,Enter any SQL related to this task here.,,,,,TRX Sprint 226,TRX Sprint 227,,,,,,,,,,,,,3.0,,,,,,,,,,,,,,,,,2026-04-03 16:49:25.521,,"03/Apr/26 12:49 PM;712020:a2d5e83c-fbf4-4fec-8c09-fc8cbe2e0db1;!image-20260408-114308.png|width=797,alt=""image-20260408-114308.png""!



Branch Name : feature/TRX-11497

Branch From : development

Case 1 : qty requested and qty offered is same then in db updating qty offered value 0 and displaying in FE also 0.

!image-20260403-163511.png|width=825,alt=""image-20260403-163511.png""!

After unaccepted

!image-20260403-163631.png|width=810,alt=""image-20260403-163631.png""!



!image-20260403-163822.png|width=810,alt=""image-20260403-163822.png""!



!image-20260403-163902.png|width=810,alt=""image-20260403-163902.png""!



Case 2 : qty requested and qty offered is not same then in db not updating qty offered value to 0 but displaying 0. 

 Admin-> buyer transactions qty offered updated to 1.

!image-20260403-164244.png|width=810,alt=""image-20260403-164244.png""!

in this case if we unaccept the transaction then not updating value in db to 0.

in FE

!image-20260403-164539.png|width=810,alt=""image-20260403-164539.png""!



Case 3 : reverting back to unaccepted to other status in this case in admin whatever we modified same value will display here.

!image-20260403-164746.png|width=810,alt=""image-20260403-164746.png""!

if there is no change from admin then will display qty offered and requested will be same.","07/Apr/26 7:08 AM;712020:a2d5e83c-fbf4-4fec-8c09-fc8cbe2e0db1;code coverage:

!image-20260407-110700.png|width=825,alt=""image-20260407-110700.png""!","09/Apr/26 4:50 AM;712020:a2d5e83c-fbf4-4fec-8c09-fc8cbe2e0db1;Buyer Dea : TR1234567

Supplier : HIN trade business

below screen  qty requested 4  and qty offered  4.

!image-20260409-082000.png|width=825,alt=""image-20260409-082000.png""!

UAC 1 : if we unaccept  the transaction then qty offered should be 0.

!image-20260409-082800.png|width=810,alt=""image-20260409-082800.png""!

# now i m reverting back to other status qty offered should be updated with qty req (because from admin not modified  qty offered)

!image-20260409-083244.png|width=810,alt=""image-20260409-083244.png""!

a. Unaccepted the order and then from admin “buyer transactions” page updating qty offered

!image-20260409-083824.png|width=810,alt=""image-20260409-083824.png""!

!image-20260409-084142.png|width=810,alt=""image-20260409-084142.png""!

updating qty offered to 2 

!image-20260409-084303.png|width=810,alt=""image-20260409-084303.png""!

!image-20260409-084425.png|width=810,alt=""image-20260409-084425.png""!

!image-20260409-084538.png|width=810,alt=""image-20260409-084538.png""!

Now  reverting from unaccepted to processed  in this case qty offered should not update to qty requested.

!image-20260409-084909.png|width=810,alt=""image-20260409-084909.png""!","13/Apr/26 5:04 AM;712020:87914119-26d2-4a2c-be97-8681c0cefa89;Pretest: In progress

Browser:chrome

Branch:[feature/TRX-11497|https://github.com/mms-product/Marketplace-Core/tree/feature%2FTRX-11497]

!image-20260413-121326.png|width=562,alt=""image-20260413-121326.png""!

!image-20260413-121559.png|width=562,alt=""image-20260413-121559.png""!

!image-20260413-122213.png|width=562,alt=""image-20260413-122213.png""!

!image-20260413-122308.png|width=566,alt=""image-20260413-122308.png""!

!image-20260413-122341.png|width=566,alt=""image-20260413-122341.png""!

!image-20260413-122624.png|width=566,alt=""image-20260413-122624.png""!","13/Apr/26 8:39 AM;712020:87914119-26d2-4a2c-be97-8681c0cefa89;Case1:

Unaccepted the order from confirm orders verify in manage purchases verify quantity 3/0(example: quantity 3)

case2:

Revert back from unaccepted to processed2day verify in manage purchases 3

Case3:

Unaccepted the order and change quantity offered in buyer transcations later change the status to any other verify new qty offered changes in both confirm orders and manage purchases","15/Apr/26 2:34 PM;712020:87914119-26d2-4a2c-be97-8681c0cefa89;Verify test: Passed

Branch: development

env:qa3

!image-20260416-060251.png|width=566,alt=""image-20260416-060251.png""!



!image-20260416-060146.png|width=566,alt=""image-20260416-060146.png""!



!image-20260416-055931.png|width=566,alt=""image-20260416-055931.png""!



!image-20260416-055042.png|width=566,alt=""image-20260416-055042.png""!

!image-20260416-055153.png|width=566,alt=""image-20260416-055153.png""!

!image-20260416-055303.png|width=566,alt=""image-20260416-055303.png""!

!image-20260416-055352.png|width=566,alt=""image-20260416-055352.png""!",,,,,,,,,Done,16/Apr/26 2:03 AM
Changes to Auto-Reshop page,TRX-11483,124868,Story,Business Acceptance,TRX,PrimeRx MARKET,software,Jeff Davis,712020:d5794e34-9434-4617-80c7-3bdd8d1daf78,,Medium,,Madhu Nodagala,712020:0e6b5cef-280d-41fa-b42f-a0bfc100925a,Kelsey Wesley,712020:b9fe53c8-6f3f-4a69-894e-40bc65cb89a5,Kelsey Wesley,712020:b9fe53c8-6f3f-4a69-894e-40bc65cb89a5,24/Feb/26 1:38 PM,24/Apr/26 9:34 AM,,,,MKT-3.4.3,PrimeRx Market Website,,0,,,"As a Buyer, I would like to have a clearer understanding of what’s displayed on this page and also only see Suppliers I can buy from now.

UAC

# Add text above Auto-Reshop Results
## *Below are any items Unaccepted in the last 7 days that we were able to Auto-Reshop for you. Displayed is the Supplier with the lowest price available for you to purchase with today. Just enter the Qty and click ADD to add the item to your cart. If you would like to shop the same NDC across all Suppliers, simply click on the  NDC below the product name to do an NDC specific search.*
# Results on Auto Reshop page should only include Suppliers that have the Qty box enabled (not in Apply now)
# Make the NDC a clickable link that does an NDC specific search if clicked
# Track if item purchased came from clicking the link clicked on Auto Reshop page
## If buy from same supplier listed on Auto Reshop, consider Auto Reshop Qty box as source
## If buy from other supplier consider NDC link on Auto Reshop as source



Example UI

!image-20260224-185142.png|width=1032,alt=""image-20260224-185142.png""!",,Kelsey Wesley,Madhu Nodagala,Prasad Nunela,Radhika Kopparapu,Ramalakshmi V,712020:b9fe53c8-6f3f-4a69-894e-40bc65cb89a5,712020:0e6b5cef-280d-41fa-b42f-a0bfc100925a,712020:d0e433d0-6ae0-48a4-8dfa-058f141f9d43,712020:6179edff-4ad9-4d94-bb3d-97dc682dfe18,712020:87914119-26d2-4a2c-be97-8681c0cefa89,,,,,,,,,,,,,,,,,,,08/Apr/26 10:52 AM;712020:6179edff-4ad9-4d94-bb3d-97dc682dfe18;DifferentSupplierProcesstheOrder.png;https://mmsrx.atlassian.net/rest/api/3/attachment/content/149155,08/Apr/26 10:52 AM;712020:6179edff-4ad9-4d94-bb3d-97dc682dfe18;DifferentSupplierwithSameNDCinCart.png;https://mmsrx.atlassian.net/rest/api/3/attachment/content/149158,08/Apr/26 10:52 AM;712020:6179edff-4ad9-4d94-bb3d-97dc682dfe18;MangePurchasespage.png;https://mmsrx.atlassian.net/rest/api/3/attachment/content/149154,08/Apr/26 10:52 AM;712020:6179edff-4ad9-4d94-bb3d-97dc682dfe18;Message.png;https://mmsrx.atlassian.net/rest/api/3/attachment/content/149157,08/Apr/26 10:52 AM;712020:6179edff-4ad9-4d94-bb3d-97dc682dfe18;NDCLink&QtyTextBoxEnable.png;https://mmsrx.atlassian.net/rest/api/3/attachment/content/149152,08/Apr/26 10:52 AM;712020:6179edff-4ad9-4d94-bb3d-97dc682dfe18;NDCSpecificSearch.png;https://mmsrx.atlassian.net/rest/api/3/attachment/content/149156,08/Apr/26 10:52 AM;712020:6179edff-4ad9-4d94-bb3d-97dc682dfe18;SameSupplier-AutoReshopInCart.png;https://mmsrx.atlassian.net/rest/api/3/attachment/content/149151,08/Apr/26 10:52 AM;712020:6179edff-4ad9-4d94-bb3d-97dc682dfe18;SameSupplierProcessedorder.png;https://mmsrx.atlassian.net/rest/api/3/attachment/content/149153,24/Feb/26 1:52 PM;712020:b9fe53c8-6f3f-4a69-894e-40bc65cb89a5;image-20260224-185142.png;https://mmsrx.atlassian.net/rest/api/3/attachment/content/141479,03/Apr/26 4:32 AM;712020:0e6b5cef-280d-41fa-b42f-a0bfc100925a;image-20260403-082918.png;https://mmsrx.atlassian.net/rest/api/3/attachment/content/148463,03/Apr/26 4:32 AM;712020:0e6b5cef-280d-41fa-b42f-a0bfc100925a;image-20260403-083018.png;https://mmsrx.atlassian.net/rest/api/3/attachment/content/148464,03/Apr/26 4:32 AM;712020:0e6b5cef-280d-41fa-b42f-a0bfc100925a;image-20260403-083029.png;https://mmsrx.atlassian.net/rest/api/3/attachment/content/148467,03/Apr/26 4:32 AM;712020:0e6b5cef-280d-41fa-b42f-a0bfc100925a;image-20260403-083134.png;https://mmsrx.atlassian.net/rest/api/3/attachment/content/148466,03/Apr/26 4:32 AM;712020:0e6b5cef-280d-41fa-b42f-a0bfc100925a;image-20260403-083144.png;https://mmsrx.atlassian.net/rest/api/3/attachment/content/148465,03/Apr/26 9:07 AM;712020:0e6b5cef-280d-41fa-b42f-a0bfc100925a;image-20260403-125849.png;https://mmsrx.atlassian.net/rest/api/3/attachment/content/148513,03/Apr/26 9:07 AM;712020:0e6b5cef-280d-41fa-b42f-a0bfc100925a;image-20260403-125926.png;https://mmsrx.atlassian.net/rest/api/3/attachment/content/148510,03/Apr/26 9:07 AM;712020:0e6b5cef-280d-41fa-b42f-a0bfc100925a;image-20260403-130135.png;https://mmsrx.atlassian.net/rest/api/3/attachment/content/148511,03/Apr/26 9:07 AM;712020:0e6b5cef-280d-41fa-b42f-a0bfc100925a;image-20260403-130154.png;https://mmsrx.atlassian.net/rest/api/3/attachment/content/148512,03/Apr/26 9:07 AM;712020:0e6b5cef-280d-41fa-b42f-a0bfc100925a;image-20260403-130626.png;https://mmsrx.atlassian.net/rest/api/3/attachment/content/148509,23/Apr/26 4:29 AM;712020:87914119-26d2-4a2c-be97-8681c0cefa89;image-20260423-074935.png;https://mmsrx.atlassian.net/rest/api/3/attachment/content/152123,23/Apr/26 4:29 AM;712020:87914119-26d2-4a2c-be97-8681c0cefa89;image-20260423-075129.png;https://mmsrx.atlassian.net/rest/api/3/attachment/content/152122,23/Apr/26 4:29 AM;712020:87914119-26d2-4a2c-be97-8681c0cefa89;image-20260423-075302.png;https://mmsrx.atlassian.net/rest/api/3/attachment/content/152124,,,,,,,,,,,,,,,,,,,,,,03/Apr/26 12:00 AM,com.atlassian.servicedesk.plugins.approvals.internal.customfield.ApprovalsCFValue@6d16c99a,,,,,,,,,,,,,,1,,,,"{pullrequest={dataType=pullrequest, state=MERGED, stateCount=1}, json={""cachedValue"":{""errors"":[],""summary"":{""pullrequest"":{""overall"":{""count"":1,""lastUpdated"":""2026-04-22T05:29:44.000-0400"",""stateCount"":1,""state"":""MERGED"",""dataType"":""pullrequest"",""open"":false},""byInstanceType"":{""GitHub"":{""count"":1,""name"":""GitHub""}}}}},""isStale"":true}}",,,,,,,,,,,,,,,,,,,,,,,,,,,,2|00nz00:ui01000063khzv0301i1t,0.0,,,,,,Enter any SQL related to this task here.,,,,,TRX Sprint 226,TRX Sprint 227,,,,,,,,,,,,,3.0,,,,,,,,,,,,,,,,,2026-03-04 16:32:27.932,,04/Mar/26 11:32 AM;712020:d0e433d0-6ae0-48a4-8dfa-058f141f9d43;If Buyer clicks on NDC Link and purchase product from Same Supplier that we display in Auto ReShop tool then we need to consider it was purchased from Auth ReShop module.,"03/Apr/26 4:32 AM;712020:0e6b5cef-280d-41fa-b42f-a0bfc100925a;Branch: TRX-11483-D
Env: madhu2025

Added text above the Auto Reshop results.

!image-20260403-082918.png|width=804,alt=""image-20260403-082918.png""!

Results on the Auto Reshop Page now only includes suppliers that have quantity box enabled.

!image-20260403-083018.png|width=784,alt=""image-20260403-083018.png""!

!image-20260403-083029.png|width=784,alt=""image-20260403-083029.png""!

Made the NDC a clickable link, when clicked it does the NDC specific search.

!image-20260403-083134.png|width=784,alt=""image-20260403-083134.png""!

!image-20260403-083144.png|width=784,alt=""image-20260403-083144.png""!

Tracking the NDC click from Auto Reshop Page.

If buy from same supplier from auto reshop then considering Auto Reshop page as source.

!image-20260403-125849.png|width=776,alt=""image-20260403-125849.png""!

!image-20260403-125926.png|width=776,alt=""image-20260403-125926.png""!

If the item is added to cart through another supplier then considering the NDC specific search as source.

!image-20260403-130135.png|width=776,alt=""image-20260403-130135.png""!

!image-20260403-130154.png|width=776,alt=""image-20260403-130154.png""!

After placing order the bulk_order_source is also stored in winners table as Auto Reshop and Search.

!image-20260403-130626.png|width=776,alt=""image-20260403-130626.png""!","08/Apr/26 6:00 AM;712020:6179edff-4ad9-4d94-bb3d-97dc682dfe18;*Pre Test*: Passed

*Branch:* TRX-11483-D
*Env:* qa32025

*UAC1:*

Added text below Auto Reshop page

# *Below are any items Unaccepted in the last 7 days that we were able to Auto-Reshop for you. Displayed is the Supplier with the lowest price available for you to purchase with today. Just enter the Qty and click ADD to add the item to your cart. If you would like to shop the same NDC across all Suppliers, simply click on the  NDC below the product name to do an NDC specific search.*” ->Attached *Message* screenshot for reference

*UAC 2:*

Results on Auto Reshop page should only include Suppliers that have the Qty box enabled (not in Apply now) ->attached *NDCLink&QtyTextBoxEnable* screenshot

*UAC 3:*

Make the NDC a clickable link that does an NDC specific search if clicked 

-attached *NDCSpecificSearch* screenshot for reference

*UAC 4:*

Track if item purchased came from clicking the link clicked on Auto Reshop page - attached *MangePurchasespage* screenshot

*UAC 4:*

# If buy from same supplier listed on Auto Reshop, consider *Auto Reshop* Qty box as source

whenever adding the product to cart, We are seeing *Auto Reshop* under bulk_order_source column in {{rxt_shopping_cart_content}} table - attached SameSupplier-AutoReshopInCart screenshot for reference

After processing the order we are observing the orders under Mange Purcahses page and DB veriifcation  *Auto Reshop* under  -*bulk_order_source* column in {{rxtpb_winners table-}} attached *MangePurchasespage* and *SameSupplierProcessedorder* screenshots

*UAC 4:*

2 .If buy from other supplier consider NDC link on Auto Reshop as source

whenever adding the different supplier product to cart, We are seeing *Search* under bulk_order_source column in {{rxt_shopping_cart_content}} table - attached SameSupplier-AutoReshopInCart screenshot for reference

After processing the order we are observing the orders under Mange Purcahses page and doing DB verification: *Search* under  -*bulk_order_source* column in {{rxtpb_winners table}}- attached *MangePurchasespage* and *SameSupplierProcessedorder* screenshots","23/Apr/26 3:35 AM;712020:87914119-26d2-4a2c-be97-8681c0cefa89;Verify test: in progress

qa3

!image-20260423-074935.png|width=566,alt=""image-20260423-074935.png""!

purchased product from Test - Dynasty - Test unaccepeted the order and verify in auto reshop

!image-20260423-075129.png|width=566,alt=""image-20260423-075129.png""!

verify qty available is displayed

click on the ndc link it is navigated to search page

!image-20260423-075302.png|width=566,alt=""image-20260423-075302.png""!",,,,,,,,,,,Done,23/Apr/26 4:51 AM
Account Update Email Triggered Without Any Actual Data Changes,TRX-11481,123885,Bug,Done,TRX,PrimeRx MARKET,software,Jeff Davis,712020:d5794e34-9434-4617-80c7-3bdd8d1daf78,,Medium,Fixed,Tamminana Lakshmi,712020:a2d5e83c-fbf4-4fec-8c09-fc8cbe2e0db1,Prasad Kanneti,712020:53d44bee-0a51-4c24-9855-77757f09232f,Prasad Kanneti,712020:53d44bee-0a51-4c24-9855-77757f09232f,20/Feb/26 4:26 AM,20/Apr/26 9:22 AM,,17/Apr/26 7:57 AM,,MKT-3.4.3,PrimeRx Market Website,,0,,,"An ""Account Update"" email (Email template_id 103) was triggered for user DEA234 (Vrama) even though there were no actual changes made to the account data.",,Prasad Kanneti,Ramalakshmi V,Tamminana Lakshmi,,,712020:53d44bee-0a51-4c24-9855-77757f09232f,712020:87914119-26d2-4a2c-be97-8681c0cefa89,712020:a2d5e83c-fbf4-4fec-8c09-fc8cbe2e0db1,,,,,,,,,,,,,TRX-9775,,,,,,,,20/Feb/26 4:26 AM;712020:53d44bee-0a51-4c24-9855-77757f09232f;image (1).png;https://mmsrx.atlassian.net/rest/api/3/attachment/content/140757,13/Apr/26 12:15 PM;712020:a2d5e83c-fbf4-4fec-8c09-fc8cbe2e0db1;image-20260413-154718.png;https://mmsrx.atlassian.net/rest/api/3/attachment/content/149920,13/Apr/26 12:15 PM;712020:a2d5e83c-fbf4-4fec-8c09-fc8cbe2e0db1;image-20260413-154820.png;https://mmsrx.atlassian.net/rest/api/3/attachment/content/149921,17/Apr/26 7:27 AM;712020:87914119-26d2-4a2c-be97-8681c0cefa89;image-20260417-112714.png;https://mmsrx.atlassian.net/rest/api/3/attachment/content/151134,17/Apr/26 7:47 AM;712020:87914119-26d2-4a2c-be97-8681c0cefa89;image-20260417-112743.png;https://mmsrx.atlassian.net/rest/api/3/attachment/content/151135,,,,,,,,,,,,,,,,,,,,,,,,,,,,,,,,,,,,,,,,com.atlassian.servicedesk.plugins.approvals.internal.customfield.ApprovalsCFValue@52b91577,,,,,,,,,,,,,,1,,,,"{pullrequest={dataType=pullrequest, state=MERGED, stateCount=1}, json={""cachedValue"":{""errors"":[],""summary"":{""pullrequest"":{""overall"":{""count"":1,""lastUpdated"":""2026-04-17T05:13:28.000-0400"",""stateCount"":1,""state"":""MERGED"",""dataType"":""pullrequest"",""open"":false},""byInstanceType"":{""GitHub"":{""count"":1,""name"":""GitHub""}}}}},""isStale"":true}}",,,,,,,,,,,,,,,,,,,,,,,,,,,,2|00nz00:ui01000063khzv0301i000fs,0.0,,,,,,Enter any SQL related to this task here.,,,,,TRX Sprint 227,,,,,,,,,,,,,,2.0,,,,,,,,,,,,,,,,,2026-04-13 16:15:47.5,10081_*:*_1_*:*_3313_*|*_10083_*:*_1_*:*_69302169_*|*_10075_*:*_1_*:*_5940_*|*_10074_*:*_1_*:*_16972337_*|*_10000_*:*_1_*:*_1662411069_*|*_10077_*:*_2_*:*_1204251612_*|*_10110_*:*_1_*:*_153618043_*|*_10088_*:*_1_*:*_0_*|*_10076_*:*_1_*:*_609188308_*|*_10087_*:*_1_*:*_10354264_*|*_10078_*:*_1_*:*_1024810012_*|*_10089_*:*_1_*:*_86735809_*|*_10103_*:*_1_*:*_5619,"13/Apr/26 12:15 PM;712020:a2d5e83c-fbf4-4fec-8c09-fc8cbe2e0db1;Issue happened  when we touch the field remove the data in that and keep the same data again. then sending the mail.

issue is fixed now.

Issue : 

!image-20260413-154718.png|width=825,alt=""image-20260413-154718.png""!

After Fix :

!image-20260413-154820.png|width=825,alt=""image-20260413-154820.png""!","16/Apr/26 2:16 AM;712020:87914119-26d2-4a2c-be97-8681c0cefa89;Pretest -in progress

Branch:

environment:qa1","17/Apr/26 7:00 AM;712020:87914119-26d2-4a2c-be97-8681c0cefa89;Verify test: passed

Branch:development

Env:qa3

!image-20260417-112714.png|width=566,alt=""image-20260417-112714.png""!

!image-20260417-112743.png|width=566,alt=""image-20260417-112743.png""!",,,,,,,,,,,,Done,17/Apr/26 7:57 AM
Upgrade Laminas API Tools to DotKernel API,TRX-11455,119593,Task,Ready for Work,TRX,PrimeRx MARKET,software,Jeff Davis,712020:d5794e34-9434-4617-80c7-3bdd8d1daf78,,High,,Prasad Nunela,712020:d0e433d0-6ae0-48a4-8dfa-058f141f9d43,Prasad Nunela,712020:d0e433d0-6ae0-48a4-8dfa-058f141f9d43,Prasad Nunela,712020:d0e433d0-6ae0-48a4-8dfa-058f141f9d43,05/Feb/26 9:13 AM,29/Apr/26 1:04 PM,,,,MKT-3.5,PrimeRx Market Website,,0,,,"Laminas API Tools is in security-only maintenance mode since 2020. No bug fixes, feature updates, or improvements being developed. Only critical security vulnerabilities receive patches.

Some of modules in the application use API tools and as Laminas API Tools has no future - it's in permanent maintenance mode.
DotKernel API is the official recommended replacement by the community.

As PHP 9.0 is coming (2027-2028) and may break compatibility.
It is better to migrate to DotKernel API.

[https://api-tools.getlaminas.org/|https://api-tools.getlaminas.org/]

UAC

# Upgrade Laminas API tools to DotKernel API",,Prasad Nunela,,,,,712020:d0e433d0-6ae0-48a4-8dfa-058f141f9d43,,,,,,,,,,,,,TRX-10501,,TRX-10530,,,,,,,,,,,,,,,,,,,,,,,,,,,,,,,,,,,,,,,,,,,,,,,,,,,,com.atlassian.servicedesk.plugins.approvals.internal.customfield.ApprovalsCFValue@551bac5d,,,,,,,,,,,,,,1,,,,{},,,,,,,,,,,,,,,,,,,,,,,,,,,,2|00nz00:ui01000063khx,0.0,,,,,,Enter any SQL related to this task here.,,,,,TRX Sprint 225,TRX Sprint 226,TRX Sprint 227,TRX Sprint 228,,,,,,,,,,,5.0,,,,,,,,,,,,,,,,,,,,,,,,,,,,,,124819,TRX-11482,"Upgrade Laminas, Angular to 20 and PHP to 8.4",To Do,05/Feb/26 9:13 AM
Upgrade Laminas DB to Doctrine DBAL,TRX-11454,119584,Task,Dev In Progress,TRX,PrimeRx MARKET,software,Jeff Davis,712020:d5794e34-9434-4617-80c7-3bdd8d1daf78,,High,,Prasad Nunela,712020:d0e433d0-6ae0-48a4-8dfa-058f141f9d43,Prasad Nunela,712020:d0e433d0-6ae0-48a4-8dfa-058f141f9d43,Prasad Nunela,712020:d0e433d0-6ae0-48a4-8dfa-058f141f9d43,05/Feb/26 8:46 AM,29/Apr/26 1:04 PM,,,,MKT-3.5,PrimeRx Market Website,,0,,,"Application is using Laminas DB and Laminas DB is in Security-only maintenance(no new features/bugs fixes since 2020).  So it is better to upgrade the application to use Doctrine DBAL.

Reason for upgrading to Doctrine DBAL:
Minimal Disruption(Similar architecture to Laminas DB).
Update Mapper files with minimum changes.
Guaranteed PHP 8.4, 9.0+ support.
Superior Query Builder.
Better performance.
Database portability.

UAC

# Upgrade Laminas DB to Doctrine DBAL  ",,Prasad Nunela,,,,,712020:d0e433d0-6ae0-48a4-8dfa-058f141f9d43,,,,,,,,,,,,,TRX-10501,,TRX-10530,,,,,,,,,,,,,,,,,,,,,,,,,,,,,,,,,,,,,,,,,,,,,,,,,,,,com.atlassian.servicedesk.plugins.approvals.internal.customfield.ApprovalsCFValue@4f61eb03,,,,,,,,,,,,,,1,,,,"{repository={count=1, dataType=repository}, json={""cachedValue"":{""errors"":[],""summary"":{""repository"":{""overall"":{""count"":1,""lastUpdated"":""2026-04-02T10:20:13.000-0400"",""dataType"":""repository""},""byInstanceType"":{""GitHub"":{""count"":1,""name"":""GitHub""}}}}},""isStale"":true}}",,,,,,,,,,,,,,,,,,,,,,,,,,,,2|00nz00:ui01000063khy,0.0,,,,,,Enter any SQL related to this task here.,,,,,TRX Sprint 225,TRX Sprint 226,TRX Sprint 227,TRX Sprint 228,,,,,,,,,,,5.0,,,,,,,,,,,,,,,,,,,,,,,,,,,,,,124819,TRX-11482,"Upgrade Laminas, Angular to 20 and PHP to 8.4",In Progress,07/Apr/26 4:40 AM
Enabling product restrictions on new Product Restrictions Page,TRX-10845,95165,Story,Business Acceptance,TRX,PrimeRx MARKET,software,Jeff Davis,712020:d5794e34-9434-4617-80c7-3bdd8d1daf78,,Medium,,Prasad Kanneti,712020:53d44bee-0a51-4c24-9855-77757f09232f,Kelsey Wesley,712020:b9fe53c8-6f3f-4a69-894e-40bc65cb89a5,Kelsey Wesley,712020:b9fe53c8-6f3f-4a69-894e-40bc65cb89a5,07/Jul/25 10:18 AM,30/Apr/26 8:44 AM,,,,MKT-3.4.3,PrimeRx Market Website,,0,,,"As a Buyer, I would like products that should not be available to be viewed to be hidden so I don’t see or purchase a product I shouldn’t be able to. 

UAC

# Update the history table on the Product Restrictions page in Admin with currently restricted Products (same data used for current MyDBR report)
## if a Product is currently being restricted for a specific timeframe due to being Unaccepted, it should display on this page in the history
# Create ability to Edit a restricted item for any restriction that is currently actively being restricted
## NDC
## Product Name
## Labeler Code
## State
## End Date
## Exclusion Reason
### On History Table If Restriction is Edited, save changes and update Product display based on edited criteria
# On History Table If Restriction is Deactivated, remove Restriction immediately and product should then display again
# Once the timeframe has passed, the product should then be displayed in Search and be able to be Purchased again
## If the End Time is not provided, there is no end date and product should remain restricted from Buyers view
# When *Product Restriction is created automatically due to Unaccept* or *When ADD button* is clicked on Product Restrictions page, check the Active Listings and if the Restricted Info matches, add the Product to Restriction list for timeframe selected
## Match Criteria to hide Product
### NDC
### Product Name
### Labeler Code
### State (if no State given, hide for all States)
# If Buyer clicks on *Order again* button on Manage Purchases, and product is restricted the product can be added to cart but should display out of stock
# Restriction also applies to Multi Search page as well



*Note* we are not checking newly attempted uploaded catalogs for restricted items because they will be allowed to be listed, but the restriction tool will just hide what needs to be hidden



Snapshot of MyDBR report

!image-20250707-145441.png|width=58.333333333333336%,alt=""image-20250707-145441.png""!

!image-20260323-153745.png|width=1148,alt=""image-20260323-153745.png""!",,Kelsey Wesley,Nagarjuna Reddy,Prasad Kanneti,,,712020:b9fe53c8-6f3f-4a69-894e-40bc65cb89a5,712020:3db4fd6d-5393-4a21-a78d-2d8272476330,712020:53d44bee-0a51-4c24-9855-77757f09232f,,,,,,,,,,,ITP-778,,TRX-8007,,,,ITP-776,TRX-10846,TRX-11629,TRX-11637,02/Apr/26 9:27 AM;712020:53d44bee-0a51-4c24-9855-77757f09232f;139e5298-96a0-4fad-a5f0-203d420d8195.png;https://mmsrx.atlassian.net/rest/api/3/attachment/content/148334,02/Apr/26 9:27 AM;712020:53d44bee-0a51-4c24-9855-77757f09232f;Screenshot from 2026-04-02 16-51-09.png;https://mmsrx.atlassian.net/rest/api/3/attachment/content/148336,02/Apr/26 9:27 AM;712020:53d44bee-0a51-4c24-9855-77757f09232f;Screenshot from 2026-04-02 16-51-57.png;https://mmsrx.atlassian.net/rest/api/3/attachment/content/148335,02/Apr/26 9:27 AM;712020:53d44bee-0a51-4c24-9855-77757f09232f;Screenshot from 2026-04-02 16-58-04.png;https://mmsrx.atlassian.net/rest/api/3/attachment/content/148333,20/Apr/26 9:55 AM;712020:53d44bee-0a51-4c24-9855-77757f09232f;Screenshot from 2026-04-20 19-22-42.png;https://mmsrx.atlassian.net/rest/api/3/attachment/content/151501,07/Jul/25 10:54 AM;712020:b9fe53c8-6f3f-4a69-894e-40bc65cb89a5;image-20250707-145441.png;https://mmsrx.atlassian.net/rest/api/3/attachment/content/109942,23/Mar/26 11:37 AM;712020:b9fe53c8-6f3f-4a69-894e-40bc65cb89a5;image-20260323-153745.png;https://mmsrx.atlassian.net/rest/api/3/attachment/content/146374,14/Apr/26 12:48 AM;712020:3db4fd6d-5393-4a21-a78d-2d8272476330;image-20260414-044759.png;https://mmsrx.atlassian.net/rest/api/3/attachment/content/150036,14/Apr/26 12:48 AM;712020:3db4fd6d-5393-4a21-a78d-2d8272476330;image-20260414-044823.png;https://mmsrx.atlassian.net/rest/api/3/attachment/content/150037,21/Apr/26 10:12 AM;712020:3db4fd6d-5393-4a21-a78d-2d8272476330;image-20260421-140856.png;https://mmsrx.atlassian.net/rest/api/3/attachment/content/151723,21/Apr/26 10:12 AM;712020:3db4fd6d-5393-4a21-a78d-2d8272476330;image-20260421-141101.png;https://mmsrx.atlassian.net/rest/api/3/attachment/content/151725,21/Apr/26 10:12 AM;712020:3db4fd6d-5393-4a21-a78d-2d8272476330;image-20260421-141201.png;https://mmsrx.atlassian.net/rest/api/3/attachment/content/151724,29/Apr/26 11:31 AM;712020:3db4fd6d-5393-4a21-a78d-2d8272476330;image-20260429-152954.png;https://mmsrx.atlassian.net/rest/api/3/attachment/content/153596,29/Apr/26 11:31 AM;712020:3db4fd6d-5393-4a21-a78d-2d8272476330;image-20260429-153009.png;https://mmsrx.atlassian.net/rest/api/3/attachment/content/153597,29/Apr/26 11:31 AM;712020:3db4fd6d-5393-4a21-a78d-2d8272476330;image-20260429-153024.png;https://mmsrx.atlassian.net/rest/api/3/attachment/content/153595,,,,,,,,,,,,,,,,,,,,,,,,,,,,,,com.atlassian.servicedesk.plugins.approvals.internal.customfield.ApprovalsCFValue@20d7862b,,,,,,,,,,,,,,1,,,,"{pullrequest={dataType=pullrequest, state=MERGED, stateCount=1}, json={""cachedValue"":{""errors"":[],""summary"":{""pullrequest"":{""overall"":{""count"":1,""lastUpdated"":""2026-04-29T08:48:53.000-0400"",""stateCount"":1,""state"":""MERGED"",""dataType"":""pullrequest"",""open"":false},""byInstanceType"":{""GitHub"":{""count"":1,""name"":""GitHub""}}}}},""isStale"":true}}",,,,,,,,,,,,,,,,,,,,,,,,,,,,2|00nz00:ui01000063khzv030gi,0.0,,,,,,Enter any SQL related to this task here.,,,,,TRX Sprint 226,TRX Sprint 227,,,,,,,,,,,,,8.0,,,,,,,,,,,,,,,,,2026-04-02 13:27:08.731,,"02/Apr/26 9:27 AM;712020:53d44bee-0a51-4c24-9855-77757f09232f;In cart after restriction 

!Screenshot from 2026-04-02 16-51-09.png|width=489,alt=""Screenshot from 2026-04-02 16-51-09.png""!

Below is before restriction

!139e5298-96a0-4fad-a5f0-203d420d8195.png|width=474,alt=""139e5298-96a0-4fad-a5f0-203d420d8195.png""!

!Screenshot from 2026-04-02 16-51-57.png|width=489,alt=""Screenshot from 2026-04-02 16-51-57.png""!

After restriction

!Screenshot from 2026-04-02 16-58-04.png|width=489,alt=""Screenshot from 2026-04-02 16-58-04.png""!","14/Apr/26 12:48 AM;712020:3db4fd6d-5393-4a21-a78d-2d8272476330;Pretest: In Progress

Environment: QA32025

Branch: TRX-10845-D



!image-20260414-044759.png|width=996,alt=""image-20260414-044759.png""!



!image-20260414-044823.png|width=996,alt=""image-20260414-044823.png""!



As per UAC 1: Update the history table on the Product Restrictions page in Admin with currently restricted Products (same data used for current MyDBR report)

As per UAC 1.a: If a Product is currently being restricted for a specific timeframe due to being Unaccepted, it should display on this page in the history

As per UAC 2: 

Create ability to Edit a restricted item for any restriction that is currently actively being restricted

{noformat}NDC

Product Name

Labeler Code

State

End Date

Exclusion Reason{noformat}

 As per UAC 2.f=>i:        

 On History Table If Restriction is Edited, save changes and update Product display based on edited criteria.

As per UAC 3: On History Table If Restriction is Deactivated, remove Restriction immediately and product should then display again

As per UAC 4: Once the timeframe has passed, the product should then be displayed in Search and be able to be Purchased again

As per UAC 4.a: If the End Time is not provided, there is no end date and product should remain restricted from Buyers view

As per UAC 5:
              When Product Restriction is created automatically due to Unaccept or When ADD button is clicked on Product Restrictions page,
              check the Active Listings and if the Restricted Info matches, add the Product to Restriction list for timeframe selected	

As per UAC 5.a: 

Match Criteria to hide Product

{noformat}NDC

Product Name

Labeler Code

State (if no State given, hide for all States){noformat}

As per UAC 6: 

If Buyer clicks on Order again button on Manage Purchases, and product is restricted the product can be added to cart but should display out of stock

As per UAC 7: 

Restriction also applies to Multi Search page as well

*Checked for cases as well:* 
==> With NDC
==> With Product Name
==> With CS Product
==> With Single Supplier
==> Multiple Supplier
==> With All Supplier
==> With One State
==> With Multiple States
==> With All States
==> Only with start date
==> With Start and End date
==> With Labeler Code
==> With Exclusion Reason
==> Without Exclusion Reason","14/Apr/26 5:51 AM;712020:53d44bee-0a51-4c24-9855-77757f09232f;QA Info  call precedure like below 
{{call sp_update_product_restrictions();}}","15/Apr/26 6:07 AM;712020:3db4fd6d-5393-4a21-a78d-2d8272476330;Hi [~accountid:712020:b9fe53c8-6f3f-4a69-894e-40bc65cb89a5] ,

As part of Pretest, I have found few things, could you please have a look and confirm that those are valid !



*Observations:* 

# Typeahed is dispalyed for restricted product which has no results (For Multi Search).
# If unaccepted any products from the Supplier then the state_code is dispalyed of supplier state in DB (rxt_catalog_product_restrictions, rxt_catalog_product_restrictions_history).
# No validation message is dispalyed if dates are incorrect and reverse dates given.  
# Allowed duplicates NDC, products names with same date, states for the same supplier.
# If Admin user restricted like ""Gabapentin"" then all the Gabapentin products are hidden for the buyers.
# If products are unaccepted then Inserted as ""0"" for the columns ""Created_by"" and ""Updated_by"" in the table ""rxt_catalog_product_restrictions_history""
# If State check box is unchecked while ""Edit"" it treated as All states.","15/Apr/26 8:38 AM;712020:53d44bee-0a51-4c24-9855-77757f09232f;[~accountid:712020:3db4fd6d-5393-4a21-a78d-2d8272476330] 
Observation fixed and remaining we need to get confirmation from business.
 1 fixed
2 Unaccepted item restricted for all states.

6 if we don’t find admin id (0) then i am displaying “unaccept” as these are unaccepted items ( [~accountid:712020:b9fe53c8-6f3f-4a69-894e-40bc65cb89a5]  please let me know if we need to change)

 ","16/Apr/26 3:38 PM;712020:b9fe53c8-6f3f-4a69-894e-40bc65cb89a5;[~accountid:712020:53d44bee-0a51-4c24-9855-77757f09232f] Need more explaination to make determinations, explain more specifically or we can have a call to go over ","20/Apr/26 9:55 AM;712020:53d44bee-0a51-4c24-9855-77757f09232f;!Screenshot from 2026-04-20 19-22-42.png|width=429,alt=""Screenshot from 2026-04-20 19-22-42.png""!","20/Apr/26 10:44 AM;712020:b9fe53c8-6f3f-4a69-894e-40bc65cb89a5;# Typeahead is displayed for restricted product which has no results (For Multi Search). - {color:#bf2600}if there are no results to display, it should not display in typeahead{color}
# If unaccepted any products from the Supplier then the state_code is displayed of supplier state in DB (rxt_catalog_product_restrictions, rxt_catalog_product_restrictions_history). {color:#bf2600}need more detail, I don’t know what this means{color}
# No validation message is displayed if dates are incorrect and reverse dates given.  {color:#bf2600}this is ok, this is just us inputting this no need for validation message{color}
# Allowed duplicates NDC, products names with same date, states for the same supplier. {color:#bf2600}There shouldn’t be duplicates if all info matches{color}
# If Admin user restricted like ""Gabapentin"" then all the Gabapentin products are hidden for the buyers. {color:#bf2600}This is correct{color}
# If products are unaccepted then Inserted as ""0"" for the columns ""Created_by"" and ""Updated_by"" in the table ""rxt_catalog_product_restrictions_history"" {color:#bf2600}need more detail, I don’t know what this means{color}
# If State check box is unchecked while ""Edit"" it treated as All states. {color:#bf2600}need more detail, I don’t know what this means{color}","21/Apr/26 10:08 AM;712020:3db4fd6d-5393-4a21-a78d-2d8272476330;[~accountid:712020:b9fe53c8-6f3f-4a69-894e-40bc65cb89a5] 

As per your reply, there are only need to discuss

Observation 4: That’s need to work.

Observation 6: As per Prasad K and your discussion, it got resolved. added screenshot as well below in the comments section.



Observation 7: If Admin user Added NDC ([+43547038450+|https://qa32025.trxadedev.com/market/search?searchTerm=43547038450&catCode=All&NDCSpecific=true]) to the  “Source Catalog Product Restrictions“ like below

!image-20260421-140856.png|width=924,alt=""image-20260421-140856.png""!

After adding the NDC, 

if Admin user click Edit  for the Product and uncheck the state check box

!image-20260421-141101.png|width=924,alt=""image-20260421-141101.png""!

Click on “Save“

Then the restriction applies to All the states.

!image-20260421-141201.png|width=924,alt=""image-20260421-141201.png""!","29/Apr/26 9:03 AM;712020:3db4fd6d-5393-4a21-a78d-2d8272476330;Verify Test: Passed

Environment: QA32025

Branch: release/Nova_3.4.3



call sp_update_product_restrictions();



!image-20260429-152954.png|width=968,alt=""image-20260429-152954.png""!

!image-20260429-153009.png|width=968,alt=""image-20260429-153009.png""!

!image-20260429-153024.png|width=968,alt=""image-20260429-153024.png""!",,,,,Done,29/Apr/26 11:31 AM
Need to Test Functionality of Cart post load when large number of products in cart,TRX-8793,74948,Task,Dev In Progress,TRX,PrimeRx MARKET,software,Jeff Davis,712020:d5794e34-9434-4617-80c7-3bdd8d1daf78,,High,,Prasad Nunela,712020:b99ce574-15d8-4b1b-a5d5-5d885064d3ca,Kelsey Wesley,712020:b9fe53c8-6f3f-4a69-894e-40bc65cb89a5,Kelsey Wesley,712020:b9fe53c8-6f3f-4a69-894e-40bc65cb89a5,06/Feb/23 10:26 AM,29/Apr/26 1:04 PM,,,,MKT-3.6,,,0,Refactor,ROI,"<p>Issue: When 400+&nbsp;products in cart, change supplier functionality doesn't load any results unless you let the page sit for 15 or so minutes before doing anything.</p>

<p>Need to test all Cart functionality post load of page to see if any optimizations can be implemented to increase speed and functionality.</p>

<p>Example Login DEA:&nbsp;FV2145503</p>

<p><b>Per Jeff:&nbsp;</b>The issue with the shopping cart is the calculating the potential savings the shows in the bubble on the change supplier.&nbsp;&nbsp; Once you get over 150 or so products, that's 150 queries to get the potential savings, and those requests to the backend block other operations on the front end.</p>

<p>Also for more full carts (300+ products) pulling all the images for 300 products uses up 300 requests, and the browsers have limits on the number of concurrent request, so just loading all those product images prevents other backend services from even starting, compounding the problem greatly.</p>

<ol>
	<li>Some symptoms that begin to appear as more and more products are loaded:&nbsp;
	<ol>
		<li>Change supplier opens, but no results appear to choose another product.</li>
		<li>Recommended products will not open</li>
		<li>Scolling down the page, freezes at times.</li>
		<li>Chrome seems to be worse than Firefox even.</li>
		<li>Delete product will not delete the product.</li>
		<li>For some customers (and our customer service team) the browser just locks up eventually and won't respond to anything.</li>
	</ol>
	</li>
</ol>

<p>I have also setup the test user:&nbsp; LK1234578 on Production with 320 items in the cart as an example.&nbsp;&nbsp; As of next week this will be on staging.&nbsp;&nbsp; We will have to refresh the items in the cart if too much time has gone by - as the listiing will be expiring, going away over time.</p>
",,Kelsey Wesley,,,,,712020:b9fe53c8-6f3f-4a69-894e-40bc65cb89a5,,,,,,,,,,,,,,,,,,,,,,,,,,,,,,,,,,,,,,,,,,,,,,,,,,,,,,,,,,,,,,,,,,06/Feb/23 12:00 AM,com.atlassian.servicedesk.plugins.approvals.internal.customfield.ApprovalsCFValue@6eda354d,,,,,,,,,,,,,,1,,,,{},,,,,,,,,,,,,,,,,,,,,,,,,,,,2|i02rrp:,0.0,,,,,,Enter any SQL related to this task here.,,,,,TRX Sprint 175,TRX Sprint 178,TRX Sprint 181,TRX Sprint 220,TRX Sprint 221,TRX Sprint 222,TRX Sprint 223,TRX Sprint 224,TRX Sprint 225,TRX Sprint 226,TRX Sprint 227,TRX Sprint 228,,,8.0,,,,,,,,,,,,,,,,,,,"08/Mar/23 11:30 AM;712020:b9fe53c8-6f3f-4a69-894e-40bc65cb89a5;<p>Prasad advised he is working on some fixes that may work to help the Cart Functionality and he will be ready by next Wednesday with updates.</p>
",,,,,,,,,,,98461,TRX-11018,"Epic for 4th Qtr projects to Upgrade Laminas, add support for php8.4, and clean out old code.",In Progress,07/Jun/23 9:54 AM
